energy,intensity,residual,fit,pseudovoigt_1,gaussian_2,gaussian_3,gaussian_4,gaussian_5,gaussian_6
-1.6,0.0400858489876045,-0.03601658108429073,0.0040692679033137655,0.0040692679033137655,7.546462185014181e-141,7.566618585272809e-125,1.0376170009989641e-100,1.0701803530743635e-166,9.188723386878793e-213
-1.5833333333333337,0.0475041440952422,-0.04335002056845435,0.004154123526787852,0.004154123526787853,2.0564309770768394e-139,7.818831372933307e-124,8.410121028157857e-100,1.5953780461858203e-165,1.953054104467919e-211
-1.5666666666666669,0.0351039991525463,-0.030862341446117138,0.004241657706429161,0.004241657706429159,5.508735692712481e-138,8.001979410341986e-123,6.751284977111621e-99,2.3555334566542743e-164,4.111425251569583e-210
-1.5500000000000005,0.0563217208307631,-0.05198973661237862,0.004331984218384481,0.00433198421838448,1.450630469000901e-136,8.110891481054371e-122,5.3677176441074375e-98,3.4445617171995843e-163,8.572145839312649e-209
-1.5333333333333337,0.0123286079864157,-0.007903385050428133,0.0044252229359875665,0.0044252229359875665,3.7551623324723715e-135,8.142454317603933e-121,4.2268020855223296e-97,4.988818360074206e-162,1.7701323180226174e-207
-1.516666666666667,0.053024724969143,-0.04850322474362374,0.004521500225519261,0.004521500225519262,9.555814223619807e-134,8.095760450054695e-120,3.2965008431707976e-96,7.156166571771182e-161,3.620269814213916e-206
-1.5000000000000004,0.075258573471119,-0.07063762409889972,0.004620949372219282,0.004620949372219282,2.3904173990296722e-132,7.972151551862424e-119,2.546323024887225e-95,1.0166751720679617e-159,7.333227779159982e-205
-1.4833333333333338,0.0262832763496441,-0.021559565310426774,0.004723711039217326,0.004723711039217327,5.878233665831428e-131,7.7751543936412685e-118,1.9480173963490688e-94,1.4305499374630011e-158,1.471188896632211e-203
-1.4666666666666672,0.0115852148960622,-0.0067552811337436925,0.004829933762318508,0.004829933762318508,1.4209768789338928e-129,7.510313671443048e-117,1.4760164326979573e-93,1.9936221735812655e-157,2.923214807800292e-202
-1.4500000000000006,0.0915722853744314,-0.08663251089055618,0.0049397744838752256,0.004939774483875231,3.3767136890747644e-128,7.184932767862712e-116,1.1076653799328413e-92,2.7517040042542e-156,5.752704276353386e-201
-1.433333333333334,0.0446540782140155,-0.03960067908470691,0.005053399129308592,0.005053399129308594,7.888029509633914e-127,6.807739358450096e-115,8.232751360624879e-92,3.7616605640361505e-155,1.1212498458934947e-199
-1.4166666666666674,0.0682723930643514,-0.06310140983413996,0.005170983230211437,0.005170983230211443,1.8113812840114172e-125,6.388497216234705e-114,6.06038820848646e-91,5.093033353089765e-154,2.1644709994390308e-198
-1.4000000000000008,0.0558643989978353,-0.05057168639945836,0.005292712598376943,0.00529271259837694,4.089011074611694e-124,5.937588261155517e-113,4.418500592069665e-90,6.829555902877563e-153,4.1382828776718325e-197
-1.383333333333334,0.0519569913045801,-0.046538207249023196,0.005418784055556902,0.005418784055556901,9.073895193464999e-123,5.465589690355868e-112,3.1905710360325306e-89,9.070420811174087e-152,7.836237764368773e-196
-1.3666666666666676,0.0452947674515218,-0.03974536122725276,0.005549406224269041,0.005549406224269039,1.979412424150581e-121,4.9828699345221024e-111,2.2818177126466774e-88,1.1931126099219403e-150,1.4696504880085873e-194
-1.3500000000000008,0.0461405494528854,-0.040455749067336164,0.005684800385549235,0.005684800385549239,4.2446891017919185e-120,4.499224411683016e-110,1.6162647584291223e-87,1.5543702063483293e-149,2.7298548114147445e-193
-1.3333333333333344,0.0235251449314025,-0.017699943521210373,0.005825201410192129,0.00582520141019213,8.947929257280518e-119,4.0235679326413797e-109,1.1338695379421402e-86,2.0056101489094755e-148,5.022085053966203e-192
-1.3166666666666675,0.0958572375229931,-0.08988637875224288,0.005970858770750223,0.005970858770750226,1.8542413373508637e-117,3.5636955900443244e-108,7.878303367860883e-86,2.5630530882681037e-147,9.150558579882346e-191
-1.3000000000000012,0.0712792242421315,-0.06515718659975218,0.006122037642379313,0.006122037642379309,3.7772613673927763e-116,3.126118522107902e-107,5.421523443707836e-85,3.2440512959418975e-146,1.651315948812081e-189
-1.2833333333333343,0.1050855918507688,-0.09880657174923005,0.006279020101538746,0.006279020101538745,7.564058451068679e-115,2.7159755638600057e-106,3.695123923686485e-84,4.06665052052874e-145,2.951425145801459e-188
-1.266666666666668,0.0842006092803171,-0.07775850284772338,0.006442106432593714,0.006442106432593714,1.489017413719199e-113,2.337016912792945e-105,2.4943403009131934e-83,5.048995903565231e-144,5.224592210584824e-187
-1.250000000000001,0.0170856863345499,-0.010474069781010446,0.006611616553539455,0.006611616553539454,2.8814543167390263e-112,1.9916518824148963e-104,1.6676366347941994e-82,6.208579018134351e-143,9.159927829920624e-186
-1.2333333333333347,0.0334467210279434,-0.0266588294545492,0.006787891573394204,0.006787891573394205,5.481390737776856e-111,1.6810498236102601e-103,1.104246874155055e-81,7.561334227168545e-142,1.5905624781202708e-184
-1.216666666666668,0.0083076107264714,-0.0013363152311607887,0.006971295495310612,0.006971295495310612,1.0250306363687153e-109,1.405281465537263e-102,7.241857215378453e-81,9.120605797186011e-141,2.735447865882609e-183
-1.2000000000000015,0.0691372440712335,-0.061975026990073234,0.0071622170811602714,0.007162217081160271,1.8842997538958222e-108,1.1634872536191602e-101,4.7038424252733074e-80,1.0896021800120701e-139,4.659348326719746e-182
-1.183333333333335,0.0870026399435306,-0.0796415680482465,0.007361071895284094,0.007361071895284099,3.405102567623609e-107,9.540596307556709e-101,3.026039548595335e-79,1.2892325722596144e-138,7.860332972435975e-181
-1.1666666666666683,0.0856501918872604,-0.07808188733995432,0.007568304547306087,0.007568304547306083,6.048914781908491e-106,7.748274327958852e-100,1.928037437077099e-78,1.5108230535589207e-137,1.3133356589613625e-179
-1.1500000000000017,0.0184664105258557,-0.010682019369433027,0.007784391156422672,0.007784391156422671,1.0563109829255353e-104,6.2323241841972895e-99,1.216677153362685e-77,1.7535371236208088e-136,2.1733494246341467e-178
-1.133333333333335,0.1012696893139263,-0.09325984725147529,0.008009842062451006,0.008009842062451004,1.8133147148666394e-103,4.964901782931992e-98,7.604212966728232e-77,2.0157438991153275e-135,3.562069630537745e-177
-1.1166666666666685,0.0900266923271905,-0.08178148751498657,0.008245204812203935,0.008245204812203933,3.0600014869284286e-102,3.91730030151404e-97,4.707086916421999e-76,2.2949581550152945e-134,5.7822155956224726e-176
-1.100000000000002,0.0649266938753068,-0.05643562642178282,0.008491067453523987,0.008491067453523987,5.076181598769013e-101,3.061107976037518e-96,2.8858196861822285e-75,2.5878149431123447e-133,9.296194134454529e-175
-1.0833333333333353,0.0122839490137762,-0.003535886840145908,0.008748062173630292,0.008748062173630292,8.277891402727511e-100,2.3691142802299122e-95,1.7522868169528784e-74,2.8900854878184086e-132,1.4802501587073207e-173
-1.0666666666666689,0.0511603760966481,-0.042143506773244604,0.009016869323403495,0.009016869323403493,1.3269952246760904e-98,1.81597117502179e-94,1.0538049236566003e-73,3.1967390776193083e-131,2.3344473089144075e-172
-1.050000000000002,0.1007672062998335,-0.09146898442487016,0.009298221874963347,0.009298221874963345,2.0911541910230184e-97,1.3786291891489206e-93,6.276742046974714e-73,3.502053033616404e-130,3.6462971941218337e-171
-1.0333333333333354,0.0645506382958404,-0.05495772792933139,0.009592910366509014,0.009592910366509012,3.239439060551783e-96,1.036576996177226e-92,3.702775371370634e-72,3.799769697407093e-129,5.640778917309724e-170
-1.0166666666666688,0.085381815664481,-0.07548002726843273,0.009901788396048272,0.009901788396048267,4.933108114841063e-95,7.719181322977581e-92,2.163413222192208e-71,4.083295962209408e-128,8.642614094385151e-169
-1.0000000000000022,0.1016522378151484,-0.09142645908063064,0.010225778734517757,0.010225778734517755,7.384796191513453e-94,5.693200739140417e-91,1.25190282882974e-70,4.345937450115058e-127,1.3115057301881025e-167
-0.9833333333333356,0.0255700571034611,-0.015004176964349258,0.010565880139111843,0.010565880139111843,1.0867345024133616e-92,4.158697488580866e-90,7.174981567690802e-70,4.581156320939562e-126,1.9711255672971456e-166
-0.966666666666669,0.0222829579317704,-0.011359782972120641,0.010923174959649758,0.010923174959649758,1.5720829528707615e-91,3.0086643617874903e-89,4.0727709515672783e-69,4.782839189047001e-125,2.934116933078898e-165
-0.9500000000000024,0.0177393773146719,-0.0064405396698398575,0.011298837644832043,0.011298837644832043,2.2356021697145533e-90,2.1557864207201584e-88,2.289698033352356e-68,4.945559994705472e-124,4.325731630135606e-164
-0.9333333333333358,0.0442297831686121,-0.03253563889697076,0.011694144271641338,0.011694144271641336,3.1252203799066758e-89,1.5298656754885816e-87,1.2749274256841567e-67,5.064822130144324e-123,6.31627098901101e-163
-0.9166666666666692,0.0197612635256894,-0.00765078028530917,0.01211048324038023,0.01211048324038023,4.2947099090494834e-88,1.0752673235446905e-86,7.030913321048586e-67,5.137264769470994e-122,9.134419746356167e-162
-0.9000000000000026,0.0462988518357429,-0.033749484535286964,0.012549367300455937,0.012549367300455933,5.801684154952624e-87,7.485058072237273e-86,3.840228372868299e-66,5.160820197187233e-121,1.3083387440809938e-160
-0.8833333333333359,0.0530644007155577,-0.04005195361687922,0.013012447098678478,0.01301244709867848,7.704445564438398e-86,5.160472626298713e-85,2.0774060303873534e-65,5.134811858305518e-120,1.8560021210275387e-159
-0.8666666666666692,0.089474904507891,-0.0759733780345506,0.013501526473340394,0.013501526473340393,1.0057632466169796e-84,3.5237035323921297e-84,1.1130245707712519e-64,5.059986641476638e-119,2.607688800494796e-158
-0.8500000000000028,0.0648331924597528,-0.050814612705080836,0.014018579754671967,0.014018579754671969,1.2906758759325268e-83,2.3830042863696488e-83,5.906186321091224e-64,4.9384792453880775e-118,3.6287085100969117e-157
-0.8333333333333361,0.0440909080060478,-0.029525136629430647,0.014565771376617152,0.014565771376617152,1.628192258252525e-82,1.5961211919082155e-82,3.1040489612413227e-63,4.77371100092006e-117,5.001121809166684e-156
-0.8166666666666694,0.098570421154747,-0.08342494299702341,0.015145478157723588,0.015145478157723581,2.0191158563499993e-81,1.0588208450707163e-81,1.6157308238461658e-62,4.570229841383239e-116,6.826558395890801e-155
-0.8000000000000029,0.0226088117964225,-0.006848497124321316,0.015760314672101185,0.015760314672101185,2.4614093984607883e-80,6.956562321071843e-81,8.329683220234827e-62,4.333501865639117e-115,9.229012082990443e-154
-0.7833333333333363,0.100762417028144,-0.08434925482102612,0.016413162207117873,0.016413162207117873,2.9496706777550084e-79,4.5267077437353724e-80,4.253113654786302e-61,4.0696678178181464e-114,1.2357415441303803e-152
-0.7666666666666697,0.0287293767335133,-0.011622174837964475,0.017107201895548825,0.017107201895548825,3.474803646576525e-78,2.917331697980512e-79,2.1508222434881433e-60,3.785279595362031e-113,1.6387741621664424e-151
-0.750000000000003,0.0870234230693911,-0.06917747034965352,0.017845952719737587,0.017845952719737594,4.0239638220787995e-77,1.862107477324013e-78,1.0772613485422255e-59,3.487032485764092e-112,2.1524327753174364e-150
-0.7333333333333365,0.0676497631364179,-0.049016447918133345,0.01863331521828456,0.01863331521828456,4.5808379394645414e-76,1.177170190209236e-77,5.3438795962787355e-59,3.1815082288253845e-111,2.8000069722791664e-149
-0.7166666666666699,0.0285448773313878,-0.00907125544411794,0.01947362188726986,0.01947362188726986,5.1262861979829e-75,7.37037094623755e-77,2.6254955031299874e-58,2.874942322248927e-110,3.6075109410656816e-148
-0.7000000000000033,0.1017561009070582,-0.08138440544219223,0.02037169546486596,0.02037169546486596,5.639334185889831e-74,4.5704084619648e-76,1.2775706349789777e-57,2.57302644239526e-109,4.6033630656695097e-147
-0.6833333333333367,0.0272996614703738,-0.0059667449413533975,0.0213329165290204,0.0213329165290204,6.098455728061579e-73,2.8069602508693326e-75,6.157119618341846e-57,2.2807537121531396e-108,5.817840742753512e-146
-0.6666666666666701,0.1131043218039902,-0.09074101967035908,0.02236330213363112,0.022363302133631115,6.483044168878139e-72,1.7073913968685208e-74,2.9389303165097705e-56,2.0023111199576016e-107,7.28228139266874e-145
-0.6500000000000035,0.0511879730170864,-0.027718375443848416,0.023469597573237983,0.023469597573237983,6.77493521670835e-71,1.028597568800621e-73,1.3893767100055455e-55,1.741019983280631e-106,9.028011671636226e-144
-0.6333333333333369,0.034413610336566,-0.009754226519009732,0.02465938381755627,0.02465938381755627,6.9598258746654e-70,6.1372452263441e-73,6.505336529586318e-55,1.4993222309585821e-105,1.108500249511343e-142
-0.6166666666666702,0.0528502127012304,-0.02690900898311369,0.02594120371811671,0.02594120371811671,7.028435490301745e-69,3.6267451473642784e-72,3.016744637966844e-54,1.2788076712741033e-104,1.3480267376764583e-141
-0.6000000000000036,0.1066084309163803,-0.07928372012691,0.027324710789470297,0.0273247107894703,6.977277773242295e-68,2.122639193844101e-71,1.3855632592040607e-53,1.0802754661273759e-103,1.6236044964194521e-140
-0.5833333333333369,0.1173750907386769,-0.08855424549339815,0.028820845245278753,0.02882084524527875,6.808954378476055e-67,1.2304129633298921e-70,6.302795202225323e-53,9.038218184681014e-103,1.9367832130575234e-139
-0.5666666666666704,0.121347991954812,-0.09090594887960331,0.03044204307520869,0.03044204307520869,6.531935638066339e-66,7.06384556344306e-70,2.8396123781890533e-52,7.489453987546623e-102,2.2882359630918552e-138
-0.5500000000000038,0.0404159738107429,-0.00821348846331662,0.03220248534742628,0.03220248534742628,6.159854167579212e-65,4.016493531755552e-69,1.2670797591516668e-51,6.146622207241762e-101,2.677562576810917e-137
-0.5333333333333372,0.1229318938881705,-0.08881349718830109,0.03411839669986941,0.034118396699869415,5.7103933580113875e-64,2.261874615766901e-68,5.599740142841817e-51,4.996224126721451e-100,3.1031122073982385e-136
-0.5166666666666706,0.0555696318939941,-0.01936122763868138,0.03620840425531272,0.03620840425531272,5.203896875496918e-63,1.2615531723786326e-67,2.4510423902731904e-50,4.022224727952691e-99,3.561839599765249e-135
-0.500000000000004,0.0882898705374889,-0.04979589942566478,0.038493971111824114,0.038493971111824114,4.661851111622781e-62,6.968802747762139e-67,1.0625583747028679e-49,3.2070798923612e-98,4.0492096579303387e-134
-0.4833333333333373,0.1329954144767543,-0.09199549215343769,0.04099992232331662,0.040999922323316625,4.105397161819517e-61,3.8126449387364803e-66,4.562194563758788e-49,2.5326329565879094e-97,4.559163823576294e-133
-0.4666666666666708,0.1368883871498967,-0.09313330098513664,0.043755086164760065,0.043755086164760065,3.554013045697883e-60,2.0659039765412577e-65,1.9400540724886536e-48,1.9808598841345585e-96,5.084159416356671e-132
-0.4500000000000042,0.1255701838721387,-0.07877710403556232,0.04679307983657638,0.04679307983657638,3.0244744410751275e-59,1.1086883378862484e-64,8.170956423242653e-48,1.5344554626255933e-95,5.615289469593886e-131
-0.4333333333333376,0.1085897237046845,-0.05843644661172053,0.05015327709296397,0.05015327709296397,2.5301593915623608e-58,5.892836690284153e-64,3.4084033379619877e-47,1.1772639523642724e-94,6.142485876190693e-130
-0.4166666666666709,0.1403809962644879,-0.08649899002216507,0.05388200624232284,0.05388200624232283,2.0807164694097142e-57,3.1020936905583684e-63,1.4081473343672114e-46,8.945660922975359e-94,6.65480312345649e-129
-0.4000000000000044,0.1469699555212256,-0.08893591405878813,0.05803404146243747,0.05803404146243747,1.6820735803274642e-56,1.6173387568645574e-62,5.761880417536178e-46,6.7324021014192305e-93,7.140773944657821e-128
-0.3833333333333377,0.1182748109964727,-0.05560034138226394,0.06267446961420876,0.06267446961420876,1.3367313564357898e-55,8.351464816601584e-62,2.335067352133482e-45,5.018185243087989e-92,7.588822339198586e-127
-0.3666666666666711,0.1231001363483661,-0.05521909598198432,0.06788104036638178,0.06788104036638178,1.0442640879783432e-54,4.2711015408605625e-61,9.372460326162331e-45,3.704608841710708e-91,7.987714145511685e-126
-0.3500000000000045,0.1238992171385282,-0.05015207547908554,0.07374714165944266,0.07374714165944266,8.019432043040882e-54,2.1633795276937743e-60,3.725862619616992e-44,2.708675981028628e-90,8.327021213696249e-125
-0.3333333333333379,0.1254181731096307,-0.04503258486100142,0.08038558824862926,0.08038558824862926,6.054021253785292e-53,1.0852782848523625e-59,1.4669627703107581e-43,1.961511155090975e-89,8.597572672715438e-124
-0.3166666666666712,0.0891305380394382,-0.0011970660116197435,0.08793347202781845,0.08793347202781845,4.492740477038366e-52,5.392188796319848e-59,5.720452379081639e-43,1.4068362029644076e-88,8.79186615175908e-123
-0.3000000000000047,0.158725588571065,-0.06216718489354443,0.09655840367752057,0.09655840367752057,3.277523275749065e-51,2.653411729612503e-58,2.209330483827002e-42,9.993447080546703e-88,8.904413262277221e-122
-0.2833333333333381,0.1227118489982552,-0.016245267885188472,0.10646658111306673,0.10646658111306673,2.3504298723278322e-50,1.2931823786874386e-57,8.451037387429557e-42,7.03082237502898e-87,8.931997148275093e-121
-0.2666666666666715,0.1198807815874692,-0.0019675256827477033,0.1179132559047215,0.1179132559047215,1.656974682718912e-49,6.242096670406244e-57,3.2016834347862464e-41,4.89909615107327e-86,8.873825239676974e-120
-0.2500000000000049,0.1908936057417852,-0.05967727038930806,0.13121633535247715,0.13121633535247715,1.1482898043633705e-48,2.9841234186254796e-56,1.2013395717139907e-40,3.380997331014495e-85,8.731567086116535e-119
-0.2333333333333382,0.193999550302129,-0.047225505145667424,0.14677404515646159,0.14677404515646159,7.822655519303453e-48,1.4129235055453882e-55,4.46449359740477e-40,2.310961554598563e-84,8.509274750798178e-118
-0.2166666666666716,0.1867051482381324,-0.02161740104537871,0.16508774719275368,0.16508774719275368,5.238705254256924e-47,6.625766061204952e-55,1.6432273470477234e-39,1.5644426277538889e-83,8.213191061494799e-117
-0.200000000000005,0.2080989925373333,-0.021307938857074743,0.18679105368025856,0.18679105368025856,3.4487426193633732e-46,3.0772949519312587e-54,5.990211151518249e-39,1.0489277844991973e-82,7.851458381504409e-116
-0.1833333333333384,0.231716527987583,-0.019030479600799843,0.21268604838678315,0.21268604838678315,2.23184826370898e-45,1.4155256044149432e-53,2.162746592584429e-38,6.965472236442992e-82,7.433746857328531e-115
-0.1666666666666718,0.2484093442785573,-0.0046232053645292315,0.24378613891402806,0.24378613891402806,1.4198275769334796e-44,6.448844618852622e-53,7.733715104865745e-38,4.581150606020152e-81,6.970825812649466e-114
-0.1500000000000052,0.3310743928003237,-0.049712827056898556,0.28136156574342513,0.28136156574342513,8.879195340516206e-44,2.909790188532351e-52,2.7389854821416378e-37,2.984129055979415e-80,6.474104740915056e-113
-0.1333333333333386,0.3668499446535448,-0.03987466226858777,0.32697528238495704,0.32697528238495704,5.4585673741885955e-43,1.3003402806540523e-51,9.607498359581868e-37,1.9252168806901765e-79,5.955171044362312e-112
-0.116666666666672,0.3891363703418967,-0.006657612632241849,0.38247875770965484,0.38247875770965484,3.298760616627042e-42,5.755299585171115e-51,3.33772026453856e-36,1.2301575842695278e-78,5.425350318441386e-111
-0.1000000000000054,0.4694195689321354,-0.019518949296885912,0.44990061963524947,0.44990061963524947,1.9597017842526624e-41,2.522867447698878e-50,1.1484407122776042e-35,7.785040278034885e-78,4.895311816400654e-110
-0.0833333333333388,0.5580343781043237,-0.026939177632871902,0.5310952004714518,0.5310952004714518,1.144448452806278e-40,1.0953086302966075e-49,3.913688463135934e-35,4.879552634997511e-77,4.374737130578902e-109
-0.0666666666666722,0.5954783032481118,0.03144565795055698,0.6269239611986688,0.6269239611986688,6.570063180170467e-40,4.7097099826562605e-49,1.3209395760987938e-34,3.0291318543931475e-76,3.872064580026519e-108
-0.0500000000000056,0.741052184253777,-0.0053673082450033105,0.7356848760087736,0.7356848760087736,3.70774550196287e-39,2.0057065758170902e-48,4.415691051928192e-34,1.862410351797225e-75,3.3943158313157464e-107
-0.0333333333333389,0.838197602601856,0.012529426844900993,0.850727029446757,0.850727029446757,2.0569197526643353e-38,8.459724316862028e-48,1.4619530836539275e-33,1.1341006610901151e-74,2.9470054242324205e-106
-0.0166666666666723,0.9513897921608993,0.006827411177657949,0.9582172033385572,0.9582172033385572,1.1217390582734495e-37,3.5339516340617297e-47,4.793880668874356e-33,6.839854417990028e-74,2.534128589473704e-105
-5.773159728050815e-15,0.9991456688422116,0.05452325457095841,1.05366892341317,1.05366892341317,6.013584204551959e-37,1.46211176202394e-46,1.556897533408808e-32,4.085649818873071e-73,2.1582183945238438e-104
0.0166666666666608,1.0900891532152457,0.10494571962098975,1.1950348728362354,1.1950348728362354,3.169144285150428e-36,5.991231746169856e-46,5.007856432296914e-32,2.417099066914453e-72,1.8204600749172649e-103
0.0333333333333274,0.9973225325465216,0.06524247674766048,1.062565009294182,1.062565009294182,1.6417903142737272e-35,2.431460649466638e-45,1.5953748333216875e-31,1.4162723900761162e-71,1.5208485063161626e-102
0.049999999999994,0.906261276926932,0.058693792683284673,0.9649550696102167,0.9649550696102167,8.361042431290794e-35,9.773136184674397e-45,5.0337614649374224e-31,8.218984371653862e-71,1.258374126803624e-101
0.0666666666666606,0.8241812742665023,0.034494600204544756,0.8586758744710471,0.8586758744710471,4.185720517018924e-34,3.8905968807234495e-44,1.5730464773304976e-30,4.72398541798244e-70,1.0312230997104487e-100
0.0833333333333272,0.7832498289548987,-0.039627755055656744,0.743622073899242,0.743622073899242,2.059904505743586e-33,1.5339602176025073e-43,4.868660652146863e-30,2.6891682181721956e-69,8.369789066548099e-100
0.0999999999999938,0.6185705157749193,0.01556334025400885,0.6341338560289281,0.6341338560289281,9.965314502789278e-33,5.990009862769503e-43,1.4924386361151795e-29,1.5161648338074797e-68,6.728146221700232e-99
0.1166666666666604,0.5147752382697125,0.02253019636919107,0.5373054346389036,0.5373054346389036,4.7391667804285993e-32,2.3166293644767862e-42,4.531087925702917e-29,8.466304738870097e-68,5.356675736451539e-98
0.1333333333333271,0.4950946246505369,-0.0399954360665114,0.4550991885840255,0.4550991885840255,2.2155422533327044e-31,8.873626707256753e-42,1.362471805245838e-28,4.6823125674501594e-67,4.2239067443684395e-97
0.1499999999999936,0.4263263114321823,-0.03955501062616329,0.386771300806019,0.386771300806019,1.0181813613247234e-30,3.366365998679477e-41,4.057621992355442e-28,2.564755291672919e-66,3.2987721014514138e-96
0.1666666666666603,0.3960140991859387,-0.06551108160592961,0.3305030175800091,0.3305030175800091,4.599782636477484e-30,1.2648443551199585e-40,1.1968360868674236e-27,1.3913951823143693e-65,2.5515808410369807e-95
0.1833333333333268,0.2911808314695198,-0.006918266867598999,0.2842625646019208,0.2842625646019208,2.04275620139427e-29,4.706829001019457e-40,3.4963652334046476e-27,7.476082476186295e-65,1.954723705940046e-94
0.1999999999999935,0.2944689348278017,-0.04828827440446101,0.24618066042334066,0.24618066042334066,8.917904698518533e-29,1.734743756399412e-39,1.0116212384671559e-26,3.978475613015816e-64,1.483134219129423e-93
0.21666666666666,0.2741346452275327,-0.05946130579161821,0.21467333943591452,0.21467333943591452,3.827156110116462e-28,6.332246666615451e-39,2.89893255782361e-26,2.0969030170253372e-63,1.1145371734597756e-92
0.2333333333333267,0.2355511806528844,-0.04710030812139665,0.18845087253148776,0.18845087253148776,1.6145689241997763e-27,2.28926407803429e-38,8.22767849688046e-26,1.0946090050906714e-62,8.295215808122107e-92
0.2499999999999933,0.1961136506830882,-0.029630252187119094,0.1664833984959691,0.1664833984959691,6.69582450359941e-27,8.196898204960646e-38,2.3127864907335278e-25,5.65924787698011e-62,6.11476608084908e-91
0.2666666666666599,0.2283740469882358,-0.08041849865263784,0.14795554833559796,0.14795554833559796,2.729723110624436e-26,2.906824208787068e-37,6.438916581626631e-25,2.8978602946287467e-61,4.46427597717768e-90
0.2833333333333265,0.1364080115728444,-0.004184793878073939,0.13222321769477047,0.13222321769477047,1.09395685026126e-25,1.0209478849224897e-36,1.775452604385365e-24,1.4696543349012986e-60,3.2280574020050486e-89
0.2999999999999932,0.1670333281564165,-0.04825648454998942,0.11877684360642708,0.11877684360642708,4.309717952506145e-25,3.551435713181747e-36,4.8486897467500795e-24,7.381965028707206e-60,2.3118012333291397e-88
0.3166666666666597,0.1117890395141371,-0.004577226272041851,0.10721181324209525,0.10721181324209525,1.6690316290588974e-24,1.223544925263411e-35,1.3114711341769411e-23,3.6723815321924167e-59,1.6397542348177002e-87
0.3333333333333264,0.1112347183283852,-0.014029475222088153,0.09720524310629705,0.09720524310629705,6.354001983968816e-24,4.174951754309704e-35,3.5132746676321865e-23,1.80943353015607e-58,1.1519299210832648e-86
0.349999999999993,0.1315763611710337,-0.043078367289371464,0.08849799388166223,0.08849799388166223,2.3779197094009088e-23,1.4109076257674303e-34,9.32147201823673e-23,8.829914550718514e-58,8.014794378057328e-86
0.3666666666666596,0.0933445558105123,-0.012463738484774459,0.08088081732573785,0.08088081732573785,8.748107038182459e-23,4.722383784838034e-34,2.449491428333748e-22,4.267655905050144e-57,5.523034276208243e-85
0.3833333333333261,0.108274699127454,-0.034091001969247914,0.07418369715820608,0.07418369715820608,3.163720081496884e-22,1.5654512790501942e-33,6.3750908134909815e-22,2.0428727635438934e-56,3.7694858720667995e-84
0.3999999999999928,0.1610756944022264,-0.09280806076446292,0.06826763363776349,0.06826763363776349,1.1247320616651573e-21,5.139648411200336e-33,1.6432962159485657e-21,9.685281965186234e-56,2.5480358214032834e-83
0.4166666666666593,0.1474982352074414,-0.08447994519458425,0.06301829001285715,0.06301829001285715,3.930675219053472e-21,1.6712554830816143e-32,4.1953129489356085e-21,4.5478093169806224e-55,1.7058779921742794e-82
0.433333333333326,0.1432659882191752,-0.0849249313055217,0.05834105691365349,0.058341056913653495,1.3503685271940151e-20,5.382299463796856e-32,1.0607960592314741e-20,2.1150042929109676e-54,1.1311219528893226e-81
0.4499999999999926,0.1314913654681022,-0.07733416683997976,0.05415719862812243,0.05415719862812244,4.5604165727147814e-20,1.7167555053312002e-31,2.6565528526366897e-20,9.741801749331699e-54,7.428308367432705e-81
0.4666666666666592,0.1244863052388569,-0.07408547761399586,0.05040082762486103,0.05040082762486104,1.5139927112129906e-19,5.4233123573176e-31,6.589068940784298e-20,4.444125851277155e-53,4.83158300206637e-80
0.4833333333333258,0.1184074961156304,-0.07139098024158712,0.04701651587404328,0.04701651587404328,4.940946082158574e-19,1.6968223141731936e-30,1.6186340431217424e-19,2.007947893897933e-52,3.112490203565704e-79
0.4999999999999925,0.0605124172015765,-0.016555019040351455,0.04395739816122504,0.04395739816122504,1.5851249661303738e-18,5.25803767542576e-30,3.938150569663055e-19,8.985402917240041e-52,1.9858460139315826e-78
0.5166666666666592,0.0508969138774366,-0.009713256374593263,0.041183657502843335,0.04118365750284333,4.999009465658438e-18,1.6137141199541447e-29,9.489754800422926e-19,3.982370861139119e-51,1.2548799305679662e-77
0.5333333333333257,0.085917365515991,-0.047256056594819636,0.03866130892117136,0.038661308921171346,1.549785071371181e-17,4.905068571958167e-29,2.2648356543205938e-18,1.7480943725757164e-50,7.853763253664135e-77
0.5499999999999923,0.0652751555730133,-0.028913938108738935,0.03636121746427437,0.036361217464274315,4.7230881202639276e-17,1.4766553585804773e-28,5.353495270730495e-18,7.599885964068793e-50,4.868245436814577e-76
0.5666666666666589,0.1026352311603495,-0.06837693002195591,0.03425830113839359,0.034258301138393434,1.4149714754267957e-16,4.402798267687161e-28,1.2533061801988462e-17,3.272414471939468e-49,2.988726353907716e-75
0.5833333333333255,0.0503265022669435,-0.01799562166932147,0.03233088059762203,0.032330880597621584,4.16712360545339e-16,1.3001516357279634e-27,2.9060023886790095e-17,1.3955601550522592e-48,1.8172675370892374e-74
0.5999999999999921,0.12757165389086,-0.09701150796506414,0.030560145925795867,0.030560145925794587,1.206402258899737e-15,3.802548876961206e-27,6.673501777743268e-17,5.894511859923351e-48,1.0943862098168308e-73
0.6166666666666587,0.0987516266396387,-0.06982190931433556,0.02892971732530314,0.02892971732529955,3.4333253642155273e-15,1.1014662183656822e-26,1.5178561753566465e-16,2.465847182111922e-47,6.527417374139686e-73
0.6333333333333253,0.0459542483770115,-0.018528966879440348,0.027425281497571154,0.027425281497561203,9.605165303561411e-15,3.159971295050647e-26,3.4192156380959524e-16,1.021653197179675e-46,3.855948120733077e-72
0.6499999999999919,0.0686872585644631,-0.042652969233156375,0.026034289331306727,0.026034289331279548,2.641567946555136e-14,8.978642332907155e-26,7.628539304277788e-16,4.192372528223312e-46,2.2560047461278254e-71
0.6666666666666585,0.0336240065145901,-0.008878303031617893,0.024745703482972205,0.024745703482899103,7.141439972116045e-14,2.526700604957643e-25,1.6856806947105195e-15,1.7038653155394966e-45,1.3072777323942477e-70
0.6833333333333251,0.10388950642747,-0.08033971968208625,0.023549786745383744,0.023549786745190256,1.8979154239373656e-13,7.042266817592421e-25,3.689166580758818e-15,6.85850857697819e-45,7.502651022315647e-70
0.6999999999999916,0.030981017827682,-0.008543093918622072,0.022437923909059927,0.022437923908556097,4.958324907120685e-13,1.9439574086034507e-24,7.996505612462583e-15,2.7342809559477775e-44,4.2646231151204585e-69
0.7166666666666583,0.0726662468847266,-0.05126377564148195,0.021402471243244653,0.021402471241954102,1.2733862888079823e-12,5.314673555447522e-24,1.7166875393680267e-14,1.0796316733420917e-43,2.4008531379908527e-68
0.733333333333325,0.1118161842578151,-0.09137955541052063,0.02043662884729447,0.02043662884404318,3.214788589389331e-12,1.4390703356165008e-23,3.650070821597883e-14,4.2220864767594906e-43,1.3386577627937769e-67
0.7499999999999916,0.0554116157019506,-0.03587728368676007,0.01953433201519053,0.01953433200713534,7.97832508832188e-12,3.859251010251931e-23,7.686530506499363e-14,1.6353008382115283e-42,7.39252079160924e-67
0.7666666666666581,0.0895053910756957,-0.07081523260831679,0.01869015846737891,0.018690158447754318,1.9464269073641905e-11,1.025037161958408e-22,1.603165827751307e-13,6.27317238899924e-42,4.043287064439467e-66
0.7833333333333247,0.0233780002157516,-0.00547875134153393,0.01789924887421767,0.01789924882720643,4.668007361193741e-11,2.6964462861744297e-22,3.311658661025323e-13,2.3833938425413825e-41,2.190259768378911e-65
0.7999999999999914,0.1157596833099037,-0.09860244475546848,0.017157238554435225,0.017157238443707198,1.1005050152179128e-10,7.025213299301087e-22,6.775349682073794e-13,8.968574738004189e-41,1.1751023730987029e-64
0.8166666666666581,0.0628891458592407,-0.04642894725519578,0.01646019860404492,0.016460198347625396,2.5504662510631734e-10,1.8127705401854143e-21,1.3728936298012314e-12,3.342489702997941e-40,6.244171296240023e-64
0.8333333333333246,0.0259587147421738,-0.010154129726907882,0.015804585015265916,0.01580458443145974,5.810509257027063e-10,4.632780599512171e-21,2.7552505210471905e-12,1.233774393228866e-39,3.286192057187642e-63
0.8499999999999912,0.0618366130749174,-0.04664941847771178,0.01518719459720562,0.015187193290433765,1.3012953411831497e-09,1.17261706554173e-20,5.47651553954603e-12,4.5104560395856326e-39,1.7128924792145137e-62
0.8666666666666578,0.086694542401719,-0.07208941567686307,0.014605126724855935,0.014605123849206765,2.8648679819382206e-09,2.939586647563687e-20,1.078118710712188e-11,1.6331428893638757e-38,8.842728505406948e-62
0.8833333333333245,0.1076528243174032,-0.09359707418234119,0.014055750135062009,0.014055743913916728,6.200124548644244e-09,7.298471227885731e-20,2.1020733683276575e-11,5.856618595721779e-38,4.521281086755151e-61
0.899999999999991,0.0332821361652725,-0.019745461990589498,0.013536674174683003,0.013536660943529026,1.3190561252425683e-08,1.7947051668489834e-19,4.0592722953589255e-11,2.0801216190902728e-37,2.2895796282405135e-60
0.9166666666666576,0.0866334450523186,-0.07358772094263147,0.013045724109687129,0.013045696445766692,2.7586283651111954e-08,4.370890277664379e-19,7.76367822396805e-11,7.31727776417279e-37,1.1483361175753147e-59
0.933333333333324,0.0393308623409473,-0.026749941984759704,0.012580920356187596,0.012580863495136513,5.6713987241999755e-08,1.0542953099325909e-18,1.470638385740913e-10,2.5493495225668133e-36,5.70428642911759e-59
0.9499999999999909,0.0687314681428824,-0.0565910063013543,0.012140461841528102,0.012140346947251237,1.146183694980564e-07,2.518663932843026e-18,2.759073663042791e-10,8.796871571461585e-36,2.8064199084379806e-58
0.9666666666666576,0.0260675256521662,-0.014344811440194267,0.011722714211971933,0.01172248598760674,2.2771169304388493e-07,5.9592794351997485e-18,5.12672145053461e-10,3.0063957483036027e-35,1.3674863762138142e-57
0.983333333333324,0.1014934976353168,-0.09016729326859141,0.011326204366725393,0.011325758706477177,4.447167628157267e-07,1.396474005715118e-17,9.43485381306384e-10,1.0176140003475385e-34,6.599520646899968e-57
0.9999999999999906,0.0454461185394953,-0.034496494597914734,0.010949623941580569,0.010948768436483859,8.537854086948953e-07,3.2410635032163846e-17,1.719687985513156e-09,3.4114501225614137e-34,3.1544293386090186e-56
1.0166666666666573,0.0939886519565868,-0.08339680590787135,0.01059184604871545,0.010590231627167842,1.6113171082850454e-06,7.450026255608527e-17,3.104439256716949e-09,1.1326976682943652e-33,1.4933040489212522e-55
1.033333333333324,0.0329429415051325,-0.02269097951701522,0.010251961988117283,0.010248967062769457,2.9893748016840317e-06,1.696069501527521e-16,5.550545971039132e-09,3.72484336545785e-33,7.00155830560765e-55
1.0499999999999905,0.0169099376785277,-0.006980589706991653,0.009929347971536046,0.009923886256385392,5.4518861970283596e-06,3.8242393409655117e-16,9.828953243311865e-09,1.2131682923720367e-32,3.251323662180219e-54
1.066666666666657,0.0383341597891401,-0.02871038349589365,0.009623776293246449,0.009613984876549323,9.774178260220214e-06,8.540082449025392e-16,1.723843605173875e-08,3.9133898563557924e-32,1.4953564472093922e-53
1.0833333333333235,0.0703894379388605,-0.0610538470581624,0.009335590880698103,0.009318335081737078,1.7225855119866584e-05,1.8888376929952115e-15,2.9943839272782625e-08,1.2502711409261575e-31,6.811586532485969e-53
1.0999999999999903,0.0711522669118668,-0.06208629333575837,0.009065973576108423,0.009036078654882953,2.984340593338777e-05,4.137545632711905e-15,5.151528794662524e-08,3.956164362534593e-31,3.073058704328814e-52
1.1166666666666567,0.1130682713307732,-0.10425093704702136,0.008817334283751838,0.00876642084416876,5.082566195269433e-05,8.976489578654562e-15,8.777762141113657e-08,1.2398338062400765e-30,1.373132552349537e-51
1.1333333333333235,0.0466269650779189,-0.03803310089456128,0.00859386418335762,0.00850862482848837,8.509122229532942e-05,1.9287939894516783e-14,1.4813255463406487e-07,3.848324177940819e-30,6.07677417045499e-51
1.14999999999999,0.0262315608729181,-0.017829266080390253,0.008402294792527847,0.00826200673641561,0.0001400404642782619,4.104693518505165e-14,2.4759179292879624e-07,1.1830384298934101e-29,2.6635003553511527e-50
1.1666666666666567,0.0349189691386569,-0.02666606491022481,0.008252904228432091,0.008025931156472045,0.00022656320671211023,8.651495888827401e-14,4.0986516142234357e-07,3.602011404509273e-29,1.1562492096474967e-49
1.1833333333333231,0.1143602814641988,-0.10619947913743898,0.008160802326759822,0.00779980708422626,0.0003603232492855499,1.805997956119782e-13,6.719930674066089e-07,1.0862013604066e-28,4.971290779737329e-49
1.19999999999999,0.0389226993403093,-0.03077519469235112,0.00814750464795818,0.007583084258438853,0.0005633291809772636,3.733867321886182e-13,1.091208168677556e-06,3.24410295900632e-28,2.116927146022688e-48
1.2166666666666563,0.0291532022343609,-0.020910433918140535,0.008242768316220363,0.007375249844254529,0.0008657635021910418,7.645679480085604e-13,1.754969010226479e-06,9.596170233199437e-28,8.928154260344716e-48
1.2333333333333232,0.0463676778007255,-0.037881070137223846,0.008486607663501657,0.007175825426462587,0.0013079867945348632,1.5505610566554286e-12,2.7954409536430972e-06,2.8113847581813483e-27,3.7293787042673916e-47
1.2499999999999896,0.087072889305342,-0.07814155461407497,0.008931334691267029,0.006984364280211435,0.0019425602898122004,3.114420398743676e-12,4.410118128976611e-06,8.157585910605183e-27,1.542873485069942e-46
1.2666666666666564,0.0852459458774799,-0.07560256381782834,0.009643382059651553,0.006800448890362864,0.0028360423709531935,6.195568697884477e-12,6.890792139920594e-06,2.3443478624781813e-26,6.321835230926257e-46
1.283333333333323,0.1096100944170928,-0.09890552108718915,0.010704573329903641,0.006623688693987951,0.0040702209436978545,1.2206768185838742e-11,1.0663680011072885e-05,6.672698162858301e-26,2.5655179470915792e-45
1.2999999999999896,0.0365951371906682,-0.024382716253004054,0.01221242093766415,0.006453718023404281,0.005742358674660234,2.3819673044487282e-11,1.6344215779961307e-05,1.8810482424578247e-25,1.0311597905774463e-44
1.3166666666666562,0.0244128373871494,-0.010133860656759953,0.014278976730389446,0.006290194229691977,0.007963971692939109,4.60348225409338e-11,2.4810761723539182e-05,5.251911696450235e-25,4.1048369405701194e-44
1.3333333333333228,0.0554170523536385,-0.03838929595803614,0.01702775639560236,0.006132795968851275,0.01085765807936673,8.811558509281692e-11,3.7302259268772056e-05,1.4522919323956584e-24,1.6183963049572783e-43
1.3499999999999894,0.0493211150289454,-0.02873278362044531,0.02058833140850009,0.005981221634719639,0.014551564065539233,1.6704541657101596e-10,5.554554119580057e-05,3.977493348568229e-24,6.3196477844764426e-43
1.366666666666656,0.0807675286541233,-0.055679179761845596,0.025088348892277706,0.005835187924486666,0.01917124209656613,3.136403840762937e-10,8.191855758452456e-05,1.078907040515939e-23,2.4441052174459173e-42
1.3833333333333226,0.0672359465270824,-0.036592938037577,0.030643008489505394,0.005694428524161188,0.024828923399199312,5.832368674797363e-10,0.0001196559829080257,2.898528800945957e-23,9.361942078062002e-42
1.3999999999999893,0.0667371198804244,-0.0293947336009628,0.0373423862794616,0.005558692902683246,0.0316105889144622,1.074171286254489e-09,0.0001731033881448619,7.71241233940747e-23,3.551657098904867e-41
1.416666666666656,0.124788723266352,-0.07955130548774186,0.04523741777861014,0.005427745204556608,0.039561645450377984,1.9593755658308073e-09,0.0002480251642999889,2.0324594487660839e-22,1.3344894254935202e-40
1.4333333333333225,0.0609656027906548,-0.006639821106334973,0.05432578168431983,0.005301363231924819,0.048672445477256236,3.5397893264857082e-09,0.0003519694353494442,5.304843373757426e-22,4.966132149516869e-40
1.449999999999989,0.0377032555333442,0.02683603603010639,0.06453929156345059,0.005179337507942238,0.05886525766104718,6.333630472860901e-09,0.000494690060830703,1.3713309254911618e-21,1.8303765159750095e-39
1.4666666666666557,0.0698887458754342,0.005845877748570358,0.07573462362400456,0.005061470414116008,0.06998452069557243,1.1223895281335324e-08,0.0006886212904208436,3.5110013963704265e-21,6.681617744040449e-39
1.4833333333333223,0.1235228550626417,-0.0358336452027815,0.0876892098598602,0.004947575395027543,0.08179222021447302,1.969926712336262e-08,0.0009493945510925071,8.903048969406062e-21,2.4156935778437616e-38
1.499999999999989,0.0891652911931678,0.010938562973965171,0.10010385416713297,0.0048374762244947495,0.09396996450759554,3.42430240686774e-08,0.0012963791920186114,2.2359678251860262e-20,8.650099265617365e-38
1.5166666666666555,0.0448489235796176,0.06776414600845468,0.11261306958807228,0.004731006327817635,0.10612878438746645,5.8953518695966055e-08,0.001753219919269502,5.561748745551073e-20,3.06774576845341e-37
1.533333333333322,0.079972885136239,0.04483043703727663,0.12480332217351563,0.004628008155269034,0.11782688002183399,1.0052241886305307e-07,0.0023483334739937346,1.3701755356953882e-19,1.0775481062499317e-36
1.5499999999999887,0.1451416603419322,-0.00890327245170816,0.13623838789022405,0.0045283326024560715,0.12859456907402736,1.697585699182794e-07,0.003115316455170687,3.343182465063067e-19,3.748633638998454e-36
1.566666666666655,0.1586074931234184,-0.012117478357743572,0.14649001476567483,0.004431838473593019,0.1379646864047232,2.8393312614641e-07,0.004093205954232464,8.079099920188663e-19,1.291600950699202e-35
1.583333333333322,0.147568888435356,0.007602301585727056,0.15517119002108307,0.0043383919840979555,0.14550580166871294,4.7034442297398795e-07,0.005326526023849196,1.9336813402689473e-18,4.407605758380755e-35
1.5999999999999883,0.1463266258037754,0.015642071327980372,0.16196869713175577,0.004247866299259187,0.1508550118126286,7.716698142856833e-07,0.006865047350053686,4.583802120513422e-18,1.4896908676555617e-34
1.6166666666666551,0.1628523411311102,0.003819094137082951,0.16667143526819314,0.004160141106016749,0.1537468538809726,1.2538991384744323e-06,0.00876318638206533,1.07618229729271e-17,4.986646665009442e-34
1.6333333333333215,0.1471353829513583,0.022055847237396675,0.16919123018875498,0.004075102215173518,0.15403513488022863,2.0179447642901286e-06,0.011078975148588532,2.5024468046450652e-17,1.653255842403651e-33
1.6499999999999884,0.2062214848438395,-0.036647901831284524,0.16957358301255498,0.003992641191592631,0.15170517998581254,3.2164108871537166e-06,0.013872545424262608,5.763189403519717e-17,5.428634010689488e-33
1.6666666666666548,0.1630654132822926,0.004931481526451426,0.16799689480874402,0.00391265501015624,0.14687507052654122,5.077493207583139e-06,0.017204091778838828,1.3145586243953916e-16,1.7654689676687613e-32
1.6833333333333216,0.1758928777746194,-0.011132859413656326,0.16476001836096307,0.0038350457354572706,0.139785726357954,7.938578749972679e-06,0.021131307688801546,2.969723753939082e-16,5.686547104858604e-32
1.699999999999988,0.1752126950227775,-0.014953362916445972,0.16025933210633153,0.003759720223373748,0.13078099224197423,1.2292826217518501e-05,0.025706326814765354,6.644635690644906e-16,1.8140791074701278e-31
1.7166666666666548,0.1502835263644197,0.004674182035775881,0.15495770840019557,0.003686589842835586,0.12028001950528497,1.8852819322558446e-05,0.030972246232751,1.4724661654293694e-15,5.731691803922613e-31
1.7333333333333214,0.1843213781833252,-0.03497278558703562,0.14934859259628958,0.0036155702162392243,0.10874502886789306,2.8636269923943235e-05,0.03695935724223015,3.2317555387178165e-15,1.7936118577371583e-30
1.749999999999988,0.0984101438250748,0.045508669972940965,0.14391881379801577,0.0035465809770968224,0.09664789448269477,4.307965016976757e-05,0.04368125868804737,7.025070826501027e-15,5.558954643555417e-30
1.7666666666666546,0.0961025364387875,0.04301114436688408,0.13911368080567157,0.0034795455436260935,0.08443887582020744,6.418646633022987e-05,0.05113107297549269,1.512453183328235e-14,1.7063842054258392e-29
1.7833333333333212,0.1178829013681883,0.017424520980050817,0.13530742234823911,0.00341439090709494,0.07252029289010775,9.471752575697494e-05,0.0592780210252472,3.2250184337759076e-14,5.18775601219708e-29
1.7999999999999878,0.1247296157877966,0.008051600495917216,0.1327812162837138,0.003351047433833279,0.06122710390390153,0.0001384308230455418,0.06806463412286534,6.810852737933673e-14,1.5620728714004164e-28
1.8166666666666544,0.1800709534730462,-0.0483608901769014,0.1317100632961448,0.0032894486799137533,0.05081535297428139,0.00020037836834366218,0.07740488327346352,1.4245897226416085e-13,4.658456726145502e-28
1.8333333333333208,0.1968062748513115,-0.06464752399380144,0.13215875085751005,0.0032295312175841815,0.04145846679303183,0.0002872661469523413,0.08718348669964658,2.9511898696212306e-13,1.3759475171219744e-27
1.849999999999988,0.1603595881459069,-0.026273329589348027,0.13408625855655887,0.003171234472608592,0.033250531270862804,0.0004078811558602326,0.09725661165662172,6.055130727763111e-13,4.025137309675306e-27
1.8666666666666545,0.172274567609071,-0.03491729429368659,0.13735727331538441,0.003114500571741065,0.0262150687918394,0.0005735858274517043,0.10745411812312179,1.2304640341987602e-12,1.1662148281585954e-26
1.8833333333333209,0.1404480627782839,0.0013109980014823497,0.14175906077976624,0.0030592741996179995,0.020317509704392698,0.0007988748723049589,0.11758340200097413,2.4764716010936095e-12,3.3465355737840454e-26
1.899999999999988,0.1562904952289987,-0.009268717734219667,0.14702177749477904,0.003005502464410654,0.015479502948991655,0.0011019824775128598,0.1274347895989274,4.9364734771986116e-12,9.511113418972488e-26
1.916666666666654,0.1808556877222679,-0.028015318727991928,0.15284036899427597,0.0029531347716309497,0.01159339432926723,0.0015055188421996158,0.13678832104143232,9.745840325763369e-12,2.677233823582238e-25
1.9333333333333207,0.1505590037511287,0.008337415716691027,0.15889641946781974,0.0029021227055304024,0.008535545185643102,0.002037104368917965,0.14542164718867187,1.9056397500756022e-11,7.4638048116488905e-25
1.9499999999999875,0.1424914725196525,0.022387156830436572,0.16487862935008907,0.002852419917575029,0.006177588628809041,0.0027299578628161266,0.1531186629039842,3.690467139550875e-11,2.0608826911202147e-24
1.9666666666666537,0.1941605795924947,-0.023659645208534197,0.1705009343839605,0.002803982021518186,0.0043951506448108284,0.0036233825278989963,0.15967841911894756,7.078494678443617e-11,5.63592620234636e-24
1.9833333333333203,0.1432976185849329,0.032219976952026164,0.17551759553695906,0.0027567664946294063,0.003073941560710485,0.004763081432038478,0.1649238059151125,1.3446817323486018e-10,1.5264983937039268e-23
1.9999999999999871,0.1383120697448777,0.04142278579608674,0.17973485554096444,0.002710732584670256,0.00211341365733234,0.0062012238084203615,0.16870948523754348,2.5299802323675823e-10,4.094929539485769e-23
2.0166666666666537,0.1361127752907559,0.04690619049233796,0.18301896578309387,0.002665841222238507,0.001428369189288004,0.007996176718100548,0.17092857818201881,4.714479793244779e-10,1.0879665497839894e-22
2.0333333333333203,0.2040094960679134,-0.01870895349814075,0.18530054256977266,0.002622054938129765,0.0009489940706230507,0.010211815038128824,0.17151767765279044,8.701005781656045e-10,2.862883531451326e-22
2.049999999999987,0.1423149422317461,0.04426038664569265,0.18657532887743875,0.0025793377853912665,0.0006198028736340296,0.01291632829700742,0.17045985833094085,1.5904651730871087e-09,7.461237177335338e-22
2.066666666666653,0.2017506245985816,-0.014849091004144832,0.18690153359443676,0.002537655265766041,0.00039793371210173196,0.016180457185918467,0.16778548455127773,2.8793728010637388e-09,1.9259146581850693e-21
2.08333333333332,0.1881887731426838,-0.0017947636255581934,0.18639400951712562,0.002496974260247308,0.0002511510176332722,0.020075116802652906,0.16357076227372844,5.162863702927992e-09,4.923594291770876e-21
2.0999999999999868,0.1510163447133285,0.034199278292010915,0.18521562300533942,0.002457262963482918,0.00015582108082761855,0.02466839827504619,0.15793413151739485,9.168587837104364e-09,1.246655646002013e-20
2.1166666666666534,0.1536869671021535,0.029879297456168047,0.18356626455832153,0.002418490821787979,9.503521113458928e-05,0.030021984811163326,0.1510307375879901,1.6126245526280397e-08,3.126293767634427e-20
2.13333333333332,0.205934869549883,-0.02426482271941452,0.18167004683046847,0.0023806284745408026,5.6978358918321634e-05,0.03618707069228725,0.14304534121269274,2.809202934298601e-08,7.76483245578197e-20
2.1499999999999866,0.2178817592243142,-0.03812043273081525,0.17976132649349894,0.0023436476987528983,3.358167780582153e-05,0.0431999292268228,0.13418411942246478,4.846765265402669e-08,1.9100881994559313e-19
2.1666666666666528,0.190739493718946,-0.012669235371244397,0.1780702583477016,0.002307521356618221,1.9456373991812333e-05,0.051077333927542795,0.12466586386865974,8.282088904143948e-08,4.653650692500033e-19
2.18333333333332,0.2131654318041914,-0.036356798157962084,0.1768086336462293,0.002272223345860156,1.108124308979366e-05,0.059812090819060276,0.11471309807088373,1.4016733534772297e-07,1.1229312540949833e-18
2.1999999999999864,0.2002379289667135,-0.024081167947415216,0.17615676101929828,0.002237728552707158,6.204147577183112e-06,0.06936898281689359,0.10454361055356756,2.3494855278036387e-07,2.6836852876202817e-18
2.216666666666653,0.1743730193372585,0.001879092773326041,0.17625211211058453,0.002204012807339236,3.4146234509259057e-06,0.07968145341495374,0.09436284121710678,3.9004773386256924e-07,6.3522711650271e-18
2.23333333333332,0.184642918811308,-0.007462545458730957,0.17718037335257705,0.0021710528416581843,1.8474410048184043e-06,0.09064936090203765,0.08435747083755744,6.413303189050174e-07,1.489174189482532e-17
2.2499999999999862,0.184363304689532,-0.005393882189981686,0.1789694224995503,0.002138826249244119,9.825742988248484e-07,0.10213811171976646,0.0746904575611731,1.0443950677654488e-06,3.457649760194321e-17
2.266666666666653,0.1665840539177777,0.015002535705502862,0.18158658962328056,0.0021073114473700136,5.137209567438758e-07,0.11397943009594441,0.06549764987504701,1.6844839622980118e-06,7.951252164059482e-17
2.2833333333333194,0.1750426369830076,0.009896739444452324,0.18493937642745992,0.002076487640954322,2.6403179395983413e-07,0.12597394104594298,0.05688599286813836,2.6908406300881837e-06,1.8109609336651424e-16
2.299999999999986,0.1930883659365414,-0.0042087594303718,0.1888796065061696,0.0020463347883395585,1.3339889482802894e-07,0.137895638484322,0.048933242594940037,4.257239672793219e-06,4.0850903337601133e-16
2.3166666666666527,0.1783790656337414,0.014831709985300312,0.1932107756190417,0.002016833568791951,6.625448734242964e-08,0.14949818578541407,0.04168901906699953,6.67094334789823e-06,9.126689491091231e-16
2.3333333333333197,0.2014214446265459,-0.003723265818369098,0.1976981788081768,0.001987965351624036,3.23478503603644e-08,0.16052286163363247,0.03517696649370637,1.0352981361559056e-05,2.019500261107365e-15
2.349999999999985,0.2050893496941885,-0.003008126219299745,0.20208122347488874,0.0019597121668482598,1.55253934197346e-08,0.17070783041056742,0.029397751984522474,1.5913387552760078e-05,4.425818297752501e-15
2.3666666666666525,0.2083428626981609,-0.0022556564393919343,0.20608720625876897,0.0019320566772755006,7.32498709994329e-09,0.179798295732986,0.02433262068181371,2.4225841697052076e-05,9.606435565955053e-15
2.383333333333319,0.1883776620366749,0.021068084319400077,0.20944574635607496,0.001904982151977851,3.3973334519079568e-09,0.1875569999867206,0.01994723380878799,3.6527011234413415e-05,2.0651423653195688e-14
2.3999999999999857,0.2418357275235461,-0.029932692168105707,0.2119030353554404,0.0018784724410399428,1.548946964536185e-09,0.1937744722398416,0.016195542432134166,5.454669343373517e-05,4.397002838052187e-14
2.4166666666666523,0.2522185226050003,-0.03898343597997836,0.2132350866250219,0.0018525119515278921,6.942277693586551e-10,0.19827840950551792,0.013023488958351035,8.067551530454153e-05,9.272194296876038e-14
2.433333333333319,0.1720573407452707,0.04120190376748009,0.2132592445127508,0.0018270856246092356,3.058683051113556e-10,0.20094160598338975,0.010372375290154669,0.00011817730853519093,1.9365438221360008e-13
2.449999999999985,0.2072122625518448,0.004631077118751908,0.2118433396705967,0.0018021789137613155,1.324750318951518e-10,0.20168792129644167,0.008181786177209391,0.00017145315030874168,4.0058175271529886e-13
2.466666666666652,0.2127945515829799,-0.003882509284670266,0.20891204229830965,0.001777777764009376,5.6402798181933594e-11,0.20049589698064849,0.006392004276452456,0.0002463632199758638,8.206803285026018e-13
2.4833333333333187,0.2473684628534042,-0.04291830550595399,0.2044501573474502,0.0017538685921391693,2.3606648246464558e-11,0.19739978150877568,0.004945896411407469,0.00035061080985602193,1.6652364658728757e-12
2.4999999999999853,0.2085219650227469,-0.010019155252607048,0.19850280977013984,0.0017304382678321587,9.712590281217365e-12,0.1924878955185174,0.0037902861905579803,0.0004941897801731857,3.3465462350851354e-12
2.516666666666652,0.1806391973424074,0.01053347042179173,0.19117266776419914,0.001707474095674525,3.928283925400819e-12,0.18589844614171805,0.0028768552986435424,0.0006898922175737974,6.660959210372083e-12
2.5333333333333186,0.2043497248840776,-0.021735192781010576,0.18261453210306702,0.001684963797994043,1.5618442829245625e-12,0.1778130672611872,0.0021626341710907914,0.0009538668581021862,1.3130937878157462e-11
2.5499999999999847,0.1075183763618777,0.0655093899905056,0.1730277663523833,0.0016628954984815943,6.104353223917574e-13,0.16844850698700056,0.0016101529477835909,0.0013062108928697301,2.5637386286018384e-11
2.566666666666652,0.1401827543414672,0.02246439118181151,0.16264714552327872,0.0016412577065566068,2.3453552834788455e-13,0.1580469929007374,0.0011873266884493696,0.0017715681777248826,4.9575919195989985e-11
2.5833333333333184,0.1138616642471996,0.03787108884560819,0.1517327530928078,0.001620039302438093,8.858183788117191e-14,0.14686587150389308,0.0008671462616518815,0.002379695929787925,9.494822085751195e-11
2.599999999999985,0.1172444608402864,0.02331509580356146,0.14055955664384787,0.001599229522885107,3.2888782292190764e-14,0.1351671369817301,0.0006272396593146602,0.003165950299781691,1.8010340152624269e-10
2.616666666666652,0.0711740278864589,0.05823321586217407,0.12940724374863297,0.0015788179475725924,1.2003778211546107e-14,0.12320743655410334,0.00044935925640594425,0.0041716296521814205,3.383576709888591e-10
2.633333333333318,0.0974309131763187,0.021119896465711177,0.11855080964202988,0.0015587944860704544,4.3068048389879644e-15,0.11122907028259502,0.0003188400745381689,0.005444104169244465,6.295774532937718e-10
2.649999999999985,0.1420026532394653,-0.033750385497201774,0.10825226774226351,0.0015391493653955533,1.5190059791787009e-15,0.09945240070367006,0.00022406351237744745,0.0070366530005962855,1.1602226348175025e-09
2.6666666666666514,0.0949256244750162,0.0038280920840774307,0.09875371655909362,0.0015198731181079975,5.266606073158759e-16,0.0880699629556223,0.00015595108659526762,0.009007927281125585,2.11764193760623e-09
2.683333333333318,0.1421389824321976,-0.05186712613225296,0.09027185629994465,0.0015009565709247245,1.7950198233877635e-16,0.07724243121607653,0.00010750401847096379,0.011420960666376849,3.828095398982425e-09
2.6999999999999846,0.0760557336703996,0.0069381856696662525,0.08299391934006585,0.0014823908338248376,6.014156482279597e-17,0.06709646418045316,7.33972890633869e-05,0.014341660182915307,6.853809088720513e-09
2.7166666666666512,0.1038272957211466,-0.026752423136536432,0.07707487258461017,0.0014641672896226034,1.9808302505007667e-17,0.057724331595229064,4.963115344567153e-05,0.017836730392843135,1.2153469679161226e-08
2.7333333333333174,0.0748179805071357,-0.002182304960302056,0.07263567554683364,0.0014462775839852993,6.413378284785732e-18,0.04918512389463129,3.3238984370369914e-05,0.021971013739267912,2.134457876456092e-08
2.7499999999999845,0.1264037121723935,-0.05664137131709639,0.0697623408552971,0.0014287136158743787,2.041237392606406e-18,0.0415072733528385,2.2047540544908046e-05,0.026804269218691827,3.712734749445102e-08
2.766666666666651,0.1058130793376005,-0.03730753444137937,0.06850554489622113,0.0014114675283895583,6.38656350663153e-19,0.03469207041351706,1.4484102262610781e-05,0.0323874588904569,6.39615949941341e-08
2.7833333333333177,0.1106167472108448,-0.041736174903645104,0.0688805723071997,0.0013945316999965495,1.964300901525777e-19,0.028717842664448927,9.424146805238245e-06,0.03875866466104387,1.0913490511640494e-07
2.799999999999984,0.1565915842927009,-0.08572414197010271,0.07086744232259819,0.0013778987361201735,5.939034636668004e-20,0.023544473489430767,6.073115362793201e-06,0.04593881255358402,1.8442810042837408e-07
2.816666666666651,0.1067469713689568,-0.03233582344934012,0.07441114791961669,0.0013615614610855845,1.765187167146787e-20,0.019117968108959903,3.876145285674711e-06,0.05392743352354112,3.0868074440298575e-07
2.833333333333317,0.0844531022015294,-0.005031073302249264,0.07942202889928014,0.0013455129103912234,5.15742268394319e-21,0.01537482075030677,2.450234162541293e-06,0.06269873330960905,5.11694810555045e-07
2.849999999999984,0.074804675948101,0.010971709471241126,0.08577638541934213,0.001329746323298,1.4812956651955783e-21,0.012245991908536945,1.5340310933048383e-06,0.07219827305539007,8.401010238008048e-07
2.8666666666666507,0.0964484724829219,-0.003130964802424044,0.09331750768049786,0.001314255135720003,4.1823255882183595e-22,0.009660363173681215,9.512173474136243e-07,0.0823405720897594,1.366063989832898e-06
2.8833333333333173,0.1643175269165928,-0.06246018602702223,0.10185734088957056,0.001299032973402803,1.1608095899412383e-22,0.007547593778143651,5.841769128362682e-07,0.09300792992605868,2.2000350525944496e-06
2.899999999999984,0.1836149511548064,-0.07243593558989427,0.11117901556491212,0.0012840736453761312,3.167168700742592e-23,0.005840353849356305,3.553268652393201e-07,0.10405072355087223,3.5091924422138683e-06
2.9166666666666505,0.1169011514457721,0.004139297133236047,0.12104044857900814,0.0012693711376684112,8.49470825045839e-24,0.004475951600755848,2.1405763729982587e-07,0.11528936803089183,5.543752054745067e-06
2.9333333333333167,0.1711131370404347,-0.03993397613947086,0.13117916090096385,0.001254919607271228,2.2397152119777917e-24,0.0033974039051015733,1.277180968390482e-07,0.12651803567007538,8.674000418810488e-06
2.949999999999984,0.2034876274571284,-0.062169258823208534,0.14131836863391986,0.001240713376342464,5.805026317265474e-25,0.0025540215659584976,7.547327176959817e-08,0.13751011652116574,1.3441697181407714e-05
2.9666666666666504,0.2216768281799086,-0.07050253515370708,0.15117429302620153,0.0012267469266373694,1.479049290551477e-25,0.0019015927683272214,4.4172598071083943e-08,0.14802527875127386,2.0630407364985823e-05
2.983333333333317,0.1600037909378812,0.0004607228737609492,0.16046451381164215,0.0012130148941573837,3.70448775171953e-26,0.001402251950359165,2.560541022129693e-08,0.1578178610386711,3.13603230442752e-05
2.999999999999984,0.1439264524444178,0.024990618828357958,0.16891707127277575,0.0011995120640070469,9.120963970086542e-27,0.0010241183950218456,1.4700413813813827e-08,0.1666462119519985,4.721416133454091e-05
3.01666666666665,0.1883469785660102,-0.012067059693035231,0.17627991887297498,0.001186233365449797,2.207599964310159e-27,0.0007407810425273151,8.358847659935108e-09,0.17428249442020435,7.040168594585448e-05
3.033333333333317,0.1642068181738013,0.018123433909211256,0.18233025208301257,0.001173173867153916,5.252512296744896e-28,0.000530695165164291,4.707412846333389e-09,0.18052240718859336,0.00010397115468815981
3.0499999999999834,0.1885751452102916,-0.0016919456488587725,0.18688319956143282,0.0011603287726203208,1.2285160606888396e-28,0.0003765442160843241,2.6256521758433282e-09,0.1851942475892756,0.00015207635780039645
3.0666666666666496,0.1728086806940242,0.01699068527198283,0.18979936596600702,0.0011476934157842928,2.8246306050012646e-29,0.00026460765835803875,1.4504779379323662e-09,0.1881667557974099,0.0002203076439768476
3.0833333333333166,0.134628467314825,0.05636229555196992,0.19099076286679492,0.0011352632567836255,6.384244978339835e-30,0.00018416386322591357,7.936044399583481e-10,0.18935524080400337,0.0003160941491775715
3.099999999999983,0.1338628521056997,0.05656190028056621,0.1904247523862659,0.0011230338778860413,1.4184841517689917e-30,0.00012694687144036788,4.300471542299403e-10,0.1887255891740773,0.0004491820328150456
3.11666666666665,0.0839648783556106,0.10416087148720314,0.18812574984281374,0.0011110009795690537,3.098178912018436e-31,8.666727997430303e-05,2.3080600038898811e-10,0.1862958917873738,0.0006321895650905841
3.1333333333333164,0.1587726705032269,0.02540190525781974,0.18417457576104665,0.0010991603767458097,6.652050849930765e-32,5.860084918570279e-05,1.2268660256189082e-10,0.18213558030501914,0.0008812341074094021
3.149999999999983,0.0920283209332163,0.08667717973214312,0.17870550066535942,0.001087507995130711,1.4040148087457255e-32,3.924354492032704e-05,6.459013806949833e-11,0.17636213088501684,0.001216618175701391
3.1666666666666496,0.107788209211439,0.06411296447560572,0.17190117368704472,0.001076039867738953,2.9130965430464262e-33,2.6028439471798354e-05,3.36786219979945e-11,0.16913555353796866,0.001663551808186659
3.183333333333316,0.1346652749149473,0.029320479526536908,0.16398575444148422,0.001064752131514358,5.94162349714498e-34,1.709793294311502e-05,1.73924771691343e-11,0.16065102783870736,0.0022528765209269414
3.199999999999983,0.0799952463476187,0.07522141895206264,0.15521666529968134,0.001053641024080166,1.1913035616566873e-34,1.1123838286528787e-05,8.895853008954728e-12,0.1511301577747021,0.0030217426537166945
3.216666666666649,0.1687326356264274,-0.022857195668659847,0.14587543995776756,0.0010427028806076868,2.348047148472266e-35,7.167724468088483e-06,4.506431586785867e-12,0.14081139169563733,0.004014177652548015
3.233333333333316,0.0975465068945242,0.03871165337426534,0.13625816026878954,0.0010319341307979504,4.549443203102758e-36,4.574288128294166e-06,2.2609814241827382e-12,0.12994018290177486,0.005281468945827459
3.2499999999999822,0.1166101384016403,0.010055809063571147,0.12666594746521145,0.0010213312959717257,8.665163127648357e-37,2.8912211332686245e-06,1.12351851578079e-12,0.11875945187931597,0.006882273067666964
3.266666666666649,0.1508449734554915,-0.03344906200141286,0.11739591145407864,0.0010108909862634825,1.6224162956769135e-37,1.8099004215757084e-06,5.529457211143969e-13,0.10750085616143021,0.008882354405410424
3.283333333333316,0.1445968738494941,-0.035864001989218325,0.10873287186027578,0.0010006098979150758,2.986172679214785e-38,1.1221311832653616e-06,2.6952794319525023e-13,0.09637728537499737,0.011353854455910532
3.2999999999999825,0.2040895718378188,-0.10314751321567184,0.10094205862214697,0.0009904848106651264,5.402995389667331e-39,6.890459112003683e-07,1.3012001972814475e-13,0.08557688690709174,0.014373997858348782
3.3166666666666487,0.1675800688472061,-0.07331717769977164,0.09426289114743447,0.00098051258523025,9.609954632339504e-40,4.1905233720349e-07,6.221619850503422e-14,0.07525880288923112,0.018023156620573674
3.333333333333316,0.1170831814215035,-0.028179345437603948,0.08890383598389955,0.000970690160874454,1.6802547782238194e-40,2.5240848670058474e-07,2.946333139266386e-14,0.06555067314316726,0.022382220271341666
3.3499999999999823,0.1879847815021847,-0.10294651691234599,0.08503826458983871,0.0009610145530632168,2.8879921074555584e-41,1.5057581325820414e-07,1.3819084021337705e-14,0.056547841707801375,0.027529257753147043
3.366666666666649,0.160148183476634,-0.07734700038728617,0.08280118308934784,0.0009514828511988576,4.879596669153809e-42,8.89655894318554e-08,6.419418537753878e-15,0.048314105048066346,0.033535506224486776
3.3833333333333155,0.1347198074613951,-0.052433118443479546,0.08228668901791557,0.0009420922164340341,8.104736721759e-43,5.206003815300765e-08,2.9534604158029338e-15,0.04088376400289208,0.04046078073854835
3.399999999999982,0.220792583946414,-0.13724655804845268,0.08354602589796131,0.0009328398795602751,1.3233080615390063e-43,3.017188767351473e-08,1.3458158688331588e-15,0.03426469212912246,0.048348463717389566
3.4166666666666488,0.2303159665558857,-0.14372981583294087,0.08658615072294484,0.0009237231389686321,2.1239782544798497e-44,1.7318730772467807e-08,6.073781480528341e-16,0.028442110747294764,0.05722029951795008
3.433333333333316,0.1490857763035889,-0.05771698220490962,0.09136879409867929,0.0009147393586796524,3.3512454332838043e-45,9.84566870735826e-09,2.7148866943084784e-16,0.023382763661883847,0.06707128123244681
3.449999999999981,0.1568281745439493,-0.05901810734140445,0.09781006720254484,0.0009058859664399848,5.1979184971196054e-46,5.543575340263779e-09,1.201886017980364e-16,0.01903920828224426,0.07786496741028513
3.466666666666649,0.2123752443590348,-0.10659450262399264,0.10578074173504215,0.0008971604518830586,7.92537384084772e-47,3.091364879742878e-09,5.269796983807523e-17,0.015353979540643905,0.08952959865115025
3.483333333333315,0.25100925805522,-0.13590187155117311,0.1151073865040469,0.0008885603647513958,1.1878924167765976e-47,1.7073641641479488e-09,2.2884609921722544e-17,0.01226343286887271,0.1019553915630586
3.499999999999982,0.2314615303990065,-0.10588695388980152,0.12557457650920498,0.0008800833131781826,1.750255793806085e-48,9.339371121421636e-10,9.842652931984977e-18,0.009701126917209923,0.11499336534487975
3.5166666666666484,0.1880546441677943,-0.05112625468523757,0.13692838948255673,0.0008717269620258797,2.5350877649351035e-49,5.05969902469275e-10,4.1927585828112605e-18,0.007600660644941242,0.1284560013696197
3.533333333333315,0.2478455366384039,-0.09896416990460477,0.14888136673379912,0.0008634890312797035,3.6095373141374053e-50,2.7148592105457616e-10,1.768913391150094e-18,0.005897928815105712,0.14211994861592778
3.5499999999999816,0.1990237175168507,-0.03790467724790719,0.1611190402689435,0.0008553672944939205,5.0521604358786806e-51,1.442731519276846e-10,7.391495392899803e-19,0.004532801891248257,0.15573087093892818
3.566666666666648,0.1825510191735316,-0.009242997620122817,0.17330802155340877,0.0008473595772889838,6.951360191806096e-52,7.593452942049773e-11,3.0589831113727755e-19,0.003450269174152092,0.16901039272603316
3.583333333333315,0.1999701568195698,-0.014864638545170755,0.18510551827439906,0.0008394637558976137,9.402200598255067e-53,3.958299672944215e-11,1.253836406224044e-19,0.002601107166046985,0.18166494731287147
3.599999999999981,0.1635708727109739,0.032599133965869165,0.19617000667684306,0.0008316777557580197,1.2501332150567172e-53,2.0435892694752033e-11,5.090069358618109e-20,0.00194214897930254,0.1933961799213466
3.616666666666648,0.1791463340532458,0.027026319140010108,0.2061726531932559,0.0008239995501525081,1.633992793828348e-54,1.0449466917253656e-11,2.0465650461129196e-20,0.001436236184422277,0.20391241744823163
3.633333333333314,0.1552663142413247,0.059542651039640876,0.21480896528096557,0.0008164271588898328,2.0994766111841348e-55,5.291883024391973e-12,8.149790268100264e-21,0.0010519333285428506,0.212940604788241
3.649999999999981,0.2241686401229685,-0.002358568672445771,0.22181007145052273,0.0008089586470296696,2.651789251778811e-56,2.6542505410701764e-12,3.2142994973231385e-21,0.0007630791618344616,0.22023803363900435
3.666666666666648,0.2239345521025436,0.0030184432226038893,0.22695299532514748,0.0008015921236476962,3.292562536675583e-57,1.3185274390078476e-12,1.255582563977397e-21,0.000548239093489015,0.22560316410669223
3.6833333333333136,0.2301760879740556,-0.00010678311899545156,0.23006930485506014,0.0007943257406398019,4.0187974687526264e-58,6.487121141720765e-13,4.857616663563222e-22,0.0003901121128751426,0.22888486700089647
3.6999999999999806,0.1880917824184932,0.042959804593133616,0.2310515870116268,0.0007871576915640157,4.821978492114792e-59,3.1610431391231245e-13,1.8613165164938267e-22,0.0002749336499064536,0.22998949566984023
3.716666666666648,0.2211567927209456,0.008700523710986618,0.22985731643193222,0.000780086210518805,5.68750090851703e-60,1.5255428682783118e-13,7.063765127078778e-23,0.00019190460125389103,0.22888532562000696
3.7333333333333134,0.2029135065590391,0.02359633790045587,0.22650984445949496,0.0007731095710564412,6.594543697747422e-61,7.291787231154563e-14,2.655041400155222e-23,0.00013266669371444947,0.22560406819465115
3.749999999999981,0.197732190698215,0.023364228793670117,0.2210964194918851,0.0007662260851301805,7.51648998210331e-62,3.4519074099265116e-14,9.883832397715905e-24,9.083588499556669e-05,0.22023935752172483
3.766666666666648,0.1630007694643638,0.050762574884673894,0.21376334434903768,0.0007594341020740804,8.421946471666651e-63,1.618452162144563e-14,3.6441687126887244e-24,6.159876790523762e-05,0.2129423114790422
3.7833333333333137,0.1512627166218486,0.05344584766521199,0.20470856428706058,0.0007527320076142784,9.276345845448679e-64,7.515470504683558e-15,1.3307320162022606e-24,4.13719153189252e-05,0.20391446036411986
3.7999999999999807,0.1396106260877371,0.05456151775112311,0.19417214383886022,0.0007461182229106417,1.0044040336373643e-64,3.4564323471219577e-15,4.812843769214884e-25,2.7520622711554983e-05,0.19339850499323458
3.8166666666666473,0.1223508926003677,0.060074325300231726,0.18242521790059943,0.0007395912036277329,1.069072173704176e-65,1.5744016112965888e-15,1.7239789171536058e-25,1.8131340494448808e-05,0.18166749535647567
3.8333333333333135,0.1055402064617497,0.06421787588278562,0.16975808234453532,0.0007331494390340522,1.118594460911507e-66,7.102619818849591e-16,6.116192763461533e-26,1.1830976693508854e-05,0.16901310192880706
3.849999999999981,0.0963077896381478,0.060160327061152,0.1564681166992998,0.0007267914511285958,1.1505496494794961e-67,3.1734904135930555e-16,2.14906428393162e-26,7.645929895957982e-06,0.15573367931827492
3.866666666666647,0.1485502409734946,-0.005702034920505777,0.1428482060529888,0.0007205157937937801,1.1633358873058107e-68,1.404337170984898e-16,7.478881917999789e-27,4.893944641873035e-06,0.14212279631455302
3.8833333333333138,0.1214184017475851,0.0077578544425141865,0.1291762561900993,0.0007143210519738219,1.1563037874245788e-69,6.15490239526876e-17,2.5777629300448838e-27,3.102464502252207e-06,0.12845883267362315
3.89999999999998,0.0660291210862589,0.049677163022747606,0.1157062841090065,0.0007082058408777138,1.1298110860955248e-70,2.6716928481054448e-17,8.799708773844647e-28,1.947931216983649e-06,0.11499613033691178
3.916666666666647,0.0837698279335908,0.018891599546873097,0.1026614274804639,0.0007021688052059497,1.0851924830506733e-71,1.1485964353005344e-17,2.975175936352708e-28,1.2113215449709386e-06,0.10195804735371297
3.9333333333333136,0.0684303132955492,0.021798751530555827,0.09022906482610503,0.0006962086184002017,1.0246482036082434e-72,4.890620668259363e-18,9.962676623595954e-29,7.460437457014581e-07,0.08953211016395912
3.94999999999998,0.0970556181439054,-0.018497531355137153,0.07855808678876824,0.0006903239819151629,9.51064235393517e-74,2.0624150646718746e-18,3.3041400174264615e-29,4.55080444753373e-07,0.07786730772640833
3.9666666666666472,0.1431220720428972,-0.07536385195460744,0.06775822008828976,0.0006845136245118229,8.677846806082475e-75,8.6139777220973e-19,1.0853251818424297e-29,2.749356655790329e-07,0.06707343152811236
3.9833333333333134,0.0577469638283151,0.00015422563269654188,0.057901189461011644,0.0006787763015714527,7.783611820892643e-76,3.563255751196234e-19,3.5308587510667086e-30,1.6451027080210813e-07,0.05722224864916939
3.99999999999998,0.1253116163230095,-0.07628820051415194,0.04902341580885755,0.0006731107944296043,6.8630540640446684e-77,1.4598418979790177e-19,1.1376792492735538e-30,9.749312262762087e-08,0.04835020752130532
4.016666666666646,0.0371905993888273,0.003939294873136122,0.04112989426196342,0.0006675159097294717,5.948681713332684e-78,5.923525080278221e-20,3.6305996142256495e-31,5.722344132496083e-08,0.040462321128792625
4.033333333333314,0.0616589630076424,-0.027460089104152034,0.034198873903490364,0.0006619904787939587,5.068636025704455e-79,2.3805111384826542e-20,1.1475084845399044e-31,3.326541847251666e-08,0.03353685015927793
4.049999999999979,0.1250045070933262,-0.09681753843303735,0.028186968660288844,0.0006565333570158519,4.2454970248328005e-80,9.474925039768424e-21,3.592133605062017e-32,1.9152745512992628e-08,0.027530416150527474
4.066666666666647,0.0727315712992234,-0.04969721001722359,0.023034361281999816,0.0006511434232654926,3.4956910043651763e-81,3.7350543539178894e-21,1.1136996551956649e-32,1.0921646431815735e-08,0.02238320693708789
4.083333333333313,0.0771259300130166,-0.05845611702303066,0.018669812989985934,0.0006458195793153859,2.829466746623635e-82,1.4582555844324004e-21,3.41981581898697e-33,6.168281930805559e-09,0.018023987242388618
4.09999999999998,0.0885065265837407,-0.07349127327778313,0.015015253305957571,0.0006405607492811868,2.2513510167070605e-83,5.6387903633488e-22,1.0400551681774874e-33,3.4503197655473092e-09,0.014374689106356623
4.116666666666646,0.0490365120494909,-0.037046721043272175,0.011989791006218727,0.0006353658790785442,1.7609575729489628e-84,2.1595030813207504e-22,3.1327739855887156e-34,1.911496487921565e-09,0.011354423215643695
4.133333333333312,0.0666107115964698,-0.057097659455303526,0.009513052141166267,0.0006302339358952777,1.3540092571875265e-85,8.191006788114843e-23,9.345892450077354e-35,1.0488338385737962e-09,0.008882817156437153
4.149999999999979,0.0920329089825884,-0.08452509909524877,0.007507809887339623,0.0006251639076784044,1.0234377587860646e-86,3.077062533043108e-23,2.761413997969798e-35,5.699790649879961e-10,0.006882645409682159
4.166666666666647,0.0538161806579193,-0.0479142602836209,0.005901920374298403,0.0006201548026355386,7.604458590305332e-88,1.144856191399806e-23,8.08092903484825e-36,3.067821921397812e-10,0.005281765264880673
4.183333333333312,0.0641216964242801,-0.05949207969860198,0.004629616725678125,0.0006152056487502014,5.554464865797886e-89,4.218724165663587e-24,2.3421251176187667e-36,1.6353865291018248e-10,0.0040144109133892734
4.19999999999998,0.0393513777865212,-0.035719137906909185,0.0036322398796120176,0.0006103154933106023,3.988257678315792e-90,1.5396673589151562e-24,6.723229218940996e-37,8.634351281691209e-11,0.0030219242999578997
4.216666666666645,0.0921474377697789,-0.08928893785953161,0.0028584999102472947,0.0006054834024514692,2.815083343854935e-91,5.565295813995363e-25,1.9114580560611e-37,4.5150029557120564e-11,0.0022530164626458
4.233333333333313,0.0590283065036887,-0.05676393954323519,0.0022643669604535052,0.0006007084607085043,1.9532883760579298e-92,1.9923479292199678e-25,5.382334129268966e-38,2.3383277956964442e-11,0.0016636584763617232
4.249999999999979,0.1109702629657403,-0.10915757455909286,0.0018126884066474308,0.000595989770585093,1.3323199630481656e-93,7.064113859824211e-26,1.5010514032747744e-38,1.1994213446309478e-11,0.0012166986240681177
4.266666666666646,0.0735233481805185,-0.07205072757779389,0.0014726206027246141,0.0005913264521308475,8.933420279251141e-95,2.4806516219235637e-26,4.146097423286313e-39,6.093364836831224e-12,0.0008812941445004016
4.283333333333312,0.0784676157054693,-0.07724866415789088,0.001218951547578423,0.0005867176425316547,5.888355992886301e-96,8.627588881052363e-27,1.1342334955797298e-39,3.0659256494906324e-12,0.0006322339019808404
4.299999999999979,0.0602350107261773,-0.059203633793873174,0.0010313769323041233,0.0005821624957108413,3.815376598797695e-97,2.9718623203319535e-27,3.073154977746819e-40,1.527865355338063e-12,0.0004492144350654138
4.316666666666645,0.0879375420329127,-0.08704376426582647,0.0008937777670862262,0.0005776601819411323,2.4302325101122368e-98,1.0138728836262884e-27,8.246800403272622e-41,7.540976296421168e-13,0.0003161175843909927
4.333333333333313,0.0776977151198184,-0.07690418081293633,0.0007935343068820738,0.0005732098874670569,1.5216869009777284e-99,3.4257361345561214e-28,2.1918232666687945e-41,3.6862865858435907e-13,0.0002203244190463941
4.349999999999977,0.0733482193458991,-0.07262732028936492,0.0007208990565341772,0.0005688108141374939,9.366338285444704e-101,1.1464097948083176e-28,5.769585450294352e-42,1.784718164979987e-13,0.00015208824221821156
4.366666666666646,0.114039312818465,-0.11337087115119204,0.000668441667272951,0.0005644621790480328,5.6673683113925174e-102,3.799631206605899e-29,1.5041900611480975e-42,8.557939655815607e-14,0.00010397948813933677
4.383333333333312,0.0261860321876083,-0.025555461503547407,0.0006305706840608917,0.0005601632141928709,3.3710104364659514e-103,1.2472645600575119e-29,3.884005601237288e-43,4.064319337660306e-14,7.040746982737632e-05
4.399999999999979,0.0286964705107653,-0.028093339209774183,0.0006031313009911173,0.000555913166125932,1.9710871099915413e-104,4.055004098617332e-30,9.932898740760805e-44,1.9117251566905588e-14,4.7218134846066876e-05
4.416666666666645,0.11560451392475,-0.11502143960396022,0.0005830743207897865,0.0005517112956309548,1.132970494588714e-105,1.3056885365555696e-30,2.51588737968366e-44,8.905988183013802e-15,3.1363025149925224e-05
4.433333333333312,0.0858130879119259,-0.08524489880823378,0.0005681891036921211,0.00054755687740026,6.401746064222359e-107,4.163930417003637e-31,6.311395747638985e-45,4.1092049423802865e-15,2.063222628774603e-05
4.449999999999978,0.084196098613148,-0.08363920650419193,0.0005568921089560697,0.0005434491997219507,3.555865681323712e-108,1.3151730905613918e-31,1.5681177003527466e-45,1.877813759027365e-15,1.3442909232238163e-05
4.466666666666645,0.0440181232542197,-0.0434700608901,0.0005480623641197016,0.0005393875641752822,1.9415979884013711e-109,4.114129366460854e-32,3.858788085958361e-46,8.498969286595963e-16,8.674799943571241e-06
4.483333333333311,0.0938640230895344,-0.09332310753004164,0.0005409155594927606,0.0005353712853339688,1.0421742545752676e-110,1.2746429601886354e-32,9.404641145732093e-47,3.8097723941888565e-16,5.54427415840639e-06
4.499999999999979,0.0584399405493091,-0.05790503132886609,0.0005349092204430111,0.0005313996904771862,5.49905962351254e-112,3.91124245440773e-33,2.2701395575270453e-47,1.6914175370476223e-16,3.5095299656552153e-06
4.516666666666644,0.0532375279377581,-0.05270785556738352,0.0005296723703745801,0.0005274721193080415,2.852355011631144e-113,1.188656866480507e-33,5.4272760502058714e-48,7.437408839122403e-17,2.2002510664623183e-06
4.533333333333312,0.0763364420207003,-0.07581148789616456,0.0005249541245357509,0.0005235879236792948,1.4544064391667501e-114,3.577781773100606e-34,1.2850803863641964e-48,3.23900419033413e-17,1.3662008564192577e-06
4.549999999999978,0.0152392136337895,-0.014718626979585966,0.0005205866542035333,0.0005197464673261188,7.290126436261061e-116,1.0665636287377701e-34,3.0136839579651873e-49,1.3970771577141158e-17,8.401868774013048e-07
4.566666666666645,0.0474753566919628,-0.04695889781822883,0.0005164588737339715,0.0005159471256056883,3.592124608994375e-117,3.149018923668601e-35,6.9997760476485325e-50,5.968267799279145e-18,5.117481282805342e-07
4.583333333333311,0.071056819473367,-0.07054432147459662,0.0005124979987703865,0.0005121892852434046,1.739942066256068e-118,9.208297670285591e-36,1.6102362974570005e-50,2.5251968546668818e-18,3.087135269808829e-07
4.599999999999977,0.0338818747472514,-0.03337321795510916,0.0005086567921422369,0.0005084723440855573,8.284861330275889e-120,2.666852573404017e-36,3.668716110233304e-51,1.058184035876819e-18,1.8444805668046837e-07
4.616666666666644,0.0959109671223937,-0.09540606226460258,0.0005049048577911303,0.0005047957108582444,3.8779549586953915e-121,7.64952106180736e-37,8.278613918732129e-52,4.391836854304699e-19,1.0914693288123964e-07
4.633333333333312,0.0384762306871883,-0.03797500791348356,0.0005012227737047417,0.0005011588049323645,1.7843799663019472e-122,2.173126761092266e-37,1.8502064033112293e-52,1.805303483206354e-19,6.396877238025494e-08
4.649999999999976,0.0242302258299056,-0.023732627642222986,0.0004975981876826144,0.0004975610560945104,8.071216149315624e-124,6.114366312446212e-38,4.0954512230091557e-53,7.349761885666694e-20,3.7131588103271976e-08
4.666666666666645,0.1040051095099686,-0.10351108625858553,0.0004940232513830634,0.0004940019043235891,3.5888695985780865e-125,1.7038581118144233e-38,8.978470578477547e-54,2.963571067292526e-20,2.1347059471439025e-08
4.683333333333311,0.0702473729480955,-0.06975687999361593,0.00049049295447956,0.0004904807995730212,1.568712800480355e-126,4.702523528948042e-39,1.9494944256153224e-54,1.1835223154665312e-20,1.2154906533015687e-08
4.699999999999978,0.0916319353994431,-0.09114493134325165,0.0004870040561914535,0.0004869972015583371,6.740564416113795e-128,1.2854171997983092e-39,4.192380182514353e-55,4.681193395937457e-21,6.854633120559745e-09
4.716666666666644,0.0127844581661402,-0.01230090375802684,0.00048355440811336144,0.00048355057955004073,2.8471880201005865e-129,3.4799484847741723e-40,8.929319216083623e-56,1.8338159431777197e-21,3.828563321302173e-09
4.733333333333311,0.0502986784873421,-0.04981853595726549,0.0004801425300766035,0.0004801404121715748,1.1822330419001611e-130,9.330761778068038e-41,1.8836276908313602e-56,7.114984076973972e-22,2.1179050285069503e-09
4.749999999999977,0.0199327446103013,-0.019455977262729938,0.0004767673475713635,0.0004767661872022588,4.825664224564958e-132,2.477861152873867e-41,3.935417490847748e-57,2.7340795634100544e-22,1.1603691032142383e-09
4.766666666666644,0.0776333595329825,-0.07715993150193927,0.0004734280310432354,0.00047342740138504625,1.936324621840668e-133,6.517070376879225e-42,8.143396566417485e-58,1.0405606359428873e-22,6.29658193828231e-10
4.78333333333331,0.1007212709496305,-0.10025114705098978,0.00047012389864072024,0.00047012356023897985,7.637765093064743e-135,1.697631532473883e-42,1.668934857352775e-58,3.9223167674559904e-23,3.3840174192727394e-10
4.799999999999978,0.0586915218872376,-0.05822466752923418,0.00046685435800342123,0.0004668541778762029,2.9615664908728826e-136,4.3797571920130624e-43,3.3876007016268836e-59,1.4643232708165802e-23,1.8012722083754438e-10
4.816666666666643,0.0221695070100402,-0.02170588813825582,0.00046361887178437977,0.0004636187768234117,1.1288694996759897e-137,1.1191085508732536e-43,6.810265929251853e-60,5.4143994348750944e-24,9.496096836920124e-11
4.833333333333311,0.0385195289077894,-0.038059111970359105,0.00046041693743029133,0.00046041688784761477,4.2299287507666654e-139,2.8321090535452794e-44,1.355985217731989e-60,1.9828170607481806e-24,4.958267448459111e-11
4.8499999999999766,0.0670377890904088,-0.06658054101498179,0.0004572480754270192,0.00045724804978609126,1.558078828430181e-140,7.098446429483892e-45,2.6740213308147647e-61,7.1917408627599765e-25,2.564093105137756e-11
4.866666666666644,0.050549845290954,-0.050095733468440796,0.0004541118225132035,0.00045411180938042416,5.641737322792342e-142,1.7621067894670138e-45,5.2226846960817586e-62,2.5834760587935824e-25,1.313277974774419e-11
4.88333333333331,0.032369733272056,-0.03191872554427959,0.00045100772777641185,0.0004510077211145057,2.0081833330799837e-143,4.332282002448321e-46,1.0102800459309762e-62,9.191658491771488e-26,6.661906888043521e-12
4.899999999999976,0.0370991809453224,-0.036651245594918974,0.000447935350403425,0.00044793534705639805,7.026853774911568e-145,1.054913356550514e-46,1.9355695045594982e-63,3.238935852517235e-26,3.3470290662410956e-12
4.916666666666642,0.039061227198213,-0.03861633293984357,0.00044489425836943125,0.00044489425670395224,2.417049448000196e-146,2.5440898320699234e-47,3.6727789836187664e-64,1.1303939940839656e-26,1.6654800590772297e-12
4.933333333333311,0.0838591285178109,-0.08341724449015601,0.0004418840276548819,0.0004418840268340786,8.17291939311269e-148,6.0766422928411e-48,6.902395591903571e-65,3.9072964589397916e-27,8.208020234574078e-13
4.949999999999976,0.1159216290228076,-0.11548272478105139,0.0004389042417562161,0.0004389042413555753,2.716664184451587e-149,1.4375086949746846e-48,1.2847656757596121e-65,1.3376482138938863e-27,4.0064195593131743e-13
4.966666666666644,0.1137577591154694,-0.1133218046241103,0.0004359544913590946,0.00043595449116541,8.876908840603744e-151,3.3680060825123686e-49,2.3684653332441144e-66,4.5355137933014955e-28,1.9368387451218445e-13
4.9833333333333085,0.0291805094071906,-0.028747475033089488,0.0004330343741011135,0.0004330343740083764,2.8513768812868755e-152,7.815393198939351e-50,4.324432945741945e-67,1.523105891250626e-28,9.273624973182516e-14
4.999999999999977,0.1032523989896635,-0.1028222554952795,0.0004301434943839999,0.00043014349434002,9.003565934863835e-154,1.7961573371010942e-50,7.820064409961704e-68,5.065854730059487e-29,4.397690096235191e-14
5.016666666666643,0.0261272758180962,-0.025699994354882783,0.0004272814632134171,0.0004272814631927619,2.7947408043981574e-155,4.088401126801371e-51,1.4005883859901192e-68,1.6687619674699056e-29,2.0654692887847964e-14
5.03333333333331,0.1135030153808551,-0.11307856748280037,0.00042444789805472227,0.0004244478980451198,8.527772061769273e-157,9.216758338529944e-52,2.4844470154782455e-69,5.4444634002082606e-30,9.607975569435254e-15
5.049999999999976,0.0906419645653427,-0.0902203221426443,0.00042164242269839003,0.00042164242269395895,2.5579773380208987e-158,2.057872579299427e-52,4.364836551716753e-70,1.7592793290303355e-30,4.426536668228874e-15
5.066666666666643,0.1028378951453756,-0.1024190304782439,0.000418864667131702,0.0004188646671296817,7.54266575443326e-160,4.5506594767196805e-53,7.59495595491897e-71,5.630326044607146e-31,2.0198321006051194e-15
5.083333333333309,0.0423862975518695,-0.041970183284454295,0.00041611426741520324,0.0004161142674142879,2.186352051151889e-161,9.966571246401254e-54,1.3088852137579263e-71,1.7846428563667709e-31,9.128207457335947e-16
5.0999999999999766,0.1059358819751138,-0.10552249110955117,0.00041339086556263505,0.00041339086556222316,6.229918811849352e-163,2.1618860104673324e-54,2.234070589882484e-72,5.602580671735654e-32,4.0857779595110536e-16
5.116666666666641,0.0423777257014955,-0.041967031592071366,0.0004106941094241326,0.000410694109423949,1.7450655334560545e-164,4.644461694430876e-55,3.7766892234307487e-73,1.7419831398059107e-32,1.8112693942121683e-16
5.13333333333331,0.0710885079322954,-0.07068048427972316,0.0004080236525722397,0.00040802365257215596,4.80516335136527e-166,9.882198156658664e-56,6.323312342799074e-74,5.3643709712693616e-33,7.95262243368174e-17
5.149999999999976,0.1096364232793673,-0.1092310441251767,0.0004053791541906021,0.00040537915419056514,1.3006835045199941e-167,2.0825110253649026e-56,1.0485690815732367e-74,1.636110711632906e-33,3.4582525594942095e-17
5.166666666666642,0.0525239008865075,-0.05212114060754225,0.00040276027896524874,0.00040276027896523145,3.4610045491061425e-169,4.3464695278723056e-57,1.7221401380168683e-75,4.942260128299503e-34,1.489436793335993e-17
5.183333333333309,0.0457407079637011,-0.04534054126672279,0.0004001666969783088,0.0004001666969783033,9.05315110119089e-171,8.984657944117029e-58,2.801295721586794e-76,1.47862328147232e-34,6.353404067155927e-18
5.199999999999976,0.0922052961508325,-0.09180769806722834,0.00039759808360416427,0.00039759808360416513,2.3279005831810215e-172,1.8394247880309715e-58,4.5130324351687884e-77,4.381355650162e-35,2.6841692904347427e-18
5.216666666666642,0.0816785225494727,-0.0812834684300648,0.000395054119407906,0.00039505411940790293,5.88431821209407e-174,3.7297360678197855e-59,7.201069118777175e-78,1.2858150462744624e-35,1.1231360252544472e-18
5.2333333333333085,0.0718822948512181,-0.07148976036117206,0.00039253449004603147,0.00039253449004603624,1.4621601152015536e-175,7.49013671063248e-60,1.1380059479898385e-78,3.737382321067563e-36,4.6545086312260635e-19
5.249999999999975,0.0240950215409985,-0.023704982654829045,0.00039003888616945606,0.0003900388861694574,3.5715832444240267e-177,1.4897622572573798e-60,1.7811935439214686e-79,1.0759090936710838e-36,1.9104441678733684e-19
5.266666666666643,0.0833789048925924,-0.08299133788926388,0.00038756700332852334,0.0003875670033285232,8.576175938883649e-179,2.9346733533490956e-61,2.7611927252609854e-80,3.0676277470612773e-37,7.766295089145147e-20
5.283333333333308,0.0208014427560942,-0.02041632421421396,0.00038511854188024233,0.00038511854188024195,2.024387505641403e-180,5.7255623534843915e-62,4.2393703351807035e-81,8.662610037956808e-38,3.126888921636161e-20
5.299999999999976,0.0842973918416843,-0.0839146986347868,0.0003826932068975025,0.0003826932068975062,4.6974338795173746e-182,1.1063488969487157e-62,6.446515339250324e-82,2.422779549465206e-38,1.2468954708314498e-20
5.316666666666642,0.1077664743222709,-0.10738618361419058,0.00038029070808032195,0.0003802907080803195,1.0715063879658744e-183,2.1172963279013548e-63,9.708848227636121e-83,6.711167245947192e-39,4.92455133340657e-21
5.333333333333309,0.0512643217265497,-0.050886410966880735,0.0003779107596689618,0.0003779107596689643,2.4026798959406485e-185,4.0131626345926606e-64,1.4482029627189949e-83,1.841201212822455e-39,1.926292874612084e-21
5.349999999999975,0.0815417937297969,-0.08116624064943784,0.0003755530803590673,0.0003755530803590671,5.29619693625513e-187,7.533684945269116e-65,2.1394895963637044e-84,5.0029189902240185e-40,7.462717388748687e-22
5.366666666666641,0.0894327339677526,-0.08905951657453409,0.00037321739321850844,0.0003732173932185089,1.1476234087163974e-188,1.400695479819051e-65,3.1304729409721445e-85,1.3463709012890863e-40,2.8634572274539817e-22
5.383333333333308,0.0392659547658063,-0.03889505134020016,0.0003709034256061394,0.00037090342560613986,2.444565801825711e-190,2.579262705637458e-66,4.5365819161526566e-86,3.588599487702269e-41,1.0881867488615692e-22
5.399999999999976,0.0475894702597924,-0.047220859350700146,0.00036861090909225125,0.0003686109090922506,5.1188349539123635e-192,4.703953377105458e-67,6.511283249388897e-87,9.473365480912693e-42,4.095766539795435e-23
5.416666666666641,0.0261101490948078,-0.025743809515427044,0.0003663395793807554,0.0003663395793807569,1.0536772009033994e-193,8.49661651313447e-68,9.256002150885071e-88,2.476866631352686e-42,1.5268134680367173e-23
5.433333333333309,0.0312419681929855,-0.030877879016752444,0.0003640891762330574,0.000364089176233057,2.132117331491821e-195,1.5200035575560959e-68,1.3031647782981613e-88,6.413867440418884e-43,5.637100771309893e-24
5.449999999999974,0.0670295505137679,-0.06666769107037437,0.0003618594433935224,0.000361859443393521,4.2411309214686553e-197,2.693139006872733e-69,1.8171645165209804e-89,1.6449638762526073e-43,2.06131632468411e-24
5.466666666666642,0.041048209670656,-0.04068855954213943,0.00035965012851656847,0.0003596501285165696,8.293146149600266e-199,4.725943383801234e-70,2.5096212905041717e-90,4.178416986690904e-44,7.465390240995863e-25
5.483333333333308,0.05129964276444,-0.050942181781344686,0.00035746098309531044,0.00035746098309530794,1.5941310470549385e-200,8.213605455457502e-71,3.4327419718954065e-91,1.0512020990495589e-44,2.677807875629601e-25
5.499999999999975,0.020382663198439,-0.02002737143604733,0.00035529176239167126,0.00035529176239167105,3.0122830807298485e-202,1.413822012059675e-71,4.6504304974739225e-92,2.619266499222914e-45,9.513171851994809e-26
5.516666666666641,0.0967889575767442,-0.09643581535137614,0.0003531422253680583,0.0003531422253680518,5.595444675821621e-204,2.4103006567041546e-72,6.239706812621701e-93,6.463863623597673e-46,3.3472665512742645e-26
5.533333333333308,0.0597597253452205,-0.05940871321060013,0.0003510121346203682,0.00035101213462036747,1.0217402235843674e-205,4.069708261394598e-73,8.291903465738934e-94,1.5798785748215168e-46,1.166471899544442e-26
5.549999999999974,0.0246505371789898,-0.02430163592267726,0.0003489012563125393,0.0003489012563125377,1.8340595682300295e-207,6.805670442933387e-74,1.0913481556306071e-94,3.8244964481568486e-47,4.026032646832857e-27
5.566666666666642,0.0497239740660441,-0.049377164705931766,0.0003468093601123323,0.0003468093601123332,3.236334808093286e-209,1.1271822231806494e-74,1.4226282486728872e-95,9.169461727563698e-48,1.3762563355844501e-27
5.583333333333307,0.0409996265061464,-0.04065489028701783,0.0003447362191285677,0.00034473621912857005,5.613846232537153e-211,1.84898303042888e-75,1.8367014345517389e-96,2.1773710795678053e-48,4.659511609183351e-28
5.599999999999975,0.1036448679629334,-0.10330218635308379,0.0003426816098496127,0.000342681609849609,9.572704273152754e-213,3.003912639959531e-76,2.3485766035600744e-97,5.1208267883936006e-49,1.5624297252420593e-28
5.61666666666664,0.0708784963991961,-0.07053785108711297,0.00034064531208313764,0.00034064531208313764,1.6046334218522087e-214,4.833450217712491e-77,2.974335282832751e-98,1.1927975813930044e-49,5.188951546531604e-29
5.633333333333308,0.0893911657990327,-0.0890525386901355,0.00033862710889719094,0.000338627108897195,2.644137806425651e-216,7.702696391396956e-78,3.730732783911982e-99,2.7517719628057273e-50,1.7067808668045546e-29
5.649999999999974,0.0237527952805536,-0.02341616849399118,0.0003366267865624224,0.000336626786562422,4.283111687559178e-218,1.215748909967767e-78,4.634654795573184e-100,6.287487878816359e-51,5.5602580039888416e-30
5.666666666666641,0.072711335548871,-0.07237669141437551,0.00033464413449549313,0.0003346441344954947,6.820273238970447e-220,1.900468064881015e-79,5.702426132801642e-101,1.4228558640047012e-51,1.7940359852534097e-30
5.683333333333306,0.0573787731284762,-0.05704609418327248,0.00033267894520372376,0.0003326789452037247,1.0676065017679744e-221,2.9423399067578774e-80,6.948978571012157e-102,3.1890672908036265e-52,5.733058639272859e-31
5.699999999999974,0.0091085527836668,-0.008777821769436011,0.0003307310142307892,0.0003307310142307898,1.6428113972864783e-223,4.511704909328232e-81,8.38689690225152e-103,7.0792212555896425e-53,1.8145153462937138e-31
5.71666666666664,0.0703085497101525,-0.06997974957004892,0.0003288001401035856,0.0003288001401035791,2.4850278804673276e-225,6.85179103922999e-82,1.0025375872156788e-103,1.5564182582397868e-53,5.68792596841197e-32
5.733333333333308,0.0274292554490851,-0.027102369324804986,0.00032688612428011243,0.0003268861242801136,3.695233489945637e-227,1.0305833253531975e-82,1.1869134516096394e-104,3.3891139839796554e-54,1.7659005937058893e-32
5.7499999999999725,0.0865736229631511,-0.08624863419205257,0.0003249887710985305,0.0003249887710985296,5.401564497621165e-229,1.535244999953248e-83,1.3917347375882195e-105,7.30911949101775e-55,5.4299720960707274e-33
5.766666666666641,0.0942914002527257,-0.09396829236499861,0.0003231078877270893,0.0003231078877270909,7.761833248033419e-231,2.2651024533465825e-84,1.6162662735511908e-106,1.5612159377728563e-55,1.6536666612300376e-33
5.783333333333307,0.058034551520537,-0.05771330823642178,0.0003212432841152163,0.00032124328411521516,1.0964178861239285e-232,3.3098902064529447e-85,1.8590384908741573e-107,3.302782070131067e-56,4.9878957949878665e-34
5.799999999999974,0.0362323260556584,-0.03591293128271292,0.0003193947729454791,0.00031939477294548016,1.5224918492117922e-234,4.790213869584121e-86,2.1177899392007705e-108,6.920156054492397e-57,1.490067013403721e-34
5.81666666666664,0.0264212537284405,-0.026103691558853902,0.00031756216958659864,0.0003175621695865982,2.0782648965853744e-236,6.866126467524857e-87,2.3894415295085924e-109,1.4360543802695952e-57,4.408727509094269e-35
5.833333333333307,0.0834799981463918,-0.08316425285434448,0.00031574529204732305,0.0003157452920473284,2.7887776497995835e-238,9.747298625035581e-88,2.670108825953662e-110,2.951514435447111e-58,1.2919322562043576e-35
5.849999999999973,0.0640120894689639,-0.06369814550803259,0.0003139439609313177,0.0003139439609313119,3.6786963169281357e-240,1.3704788049073066e-88,2.955156904979954e-111,6.008111241128878e-59,3.7496027052524114e-36
5.86666666666664,0.0638634796791788,-0.063551321679786,0.0003121579993927981,0.00031215799939280275,4.7702489768707855e-242,1.9084287641228298e-89,3.239299881898035e-112,1.21129533989723e-59,1.077828824868091e-36
5.883333333333305,0.0287404435540919,-0.02843005632099862,0.00031038723309327956,0.000310387233093279,6.080722968414036e-244,2.6320562269314464e-90,3.516744309306536e-113,2.4186952713600976e-60,3.0685511140597045e-37
5.899999999999974,0.0285565481703482,-0.028247916680189285,0.00030863149015891364,0.00030863149015891245,7.619675034758427e-246,3.595257079107835e-91,3.781372481888521e-114,4.783340450315535e-61,8.652387429307408e-38
5.91666666666664,0.0368212595215135,-0.03651436892037462,0.0003068906011388789,0.0003068906011388782,9.386090625175082e-248,4.863851604078026e-92,4.0269584932162947e-115,9.369155723057003e-62,2.4163374297531747e-38
5.933333333333306,0.0114326135702339,-0.011127449171269418,0.0003051643989644814,0.0003051643989644816,1.1365802302217843e-249,6.51697808863157e-93,4.247406965781732e-116,1.8175595547332653e-62,6.683411979196215e-39
5.949999999999973,0.0225261014228786,-0.02222264870396951,0.0003034527189090912,0.00030345271890909063,1.3529523874324281e-251,8.64824100955409e-94,4.4370020002273445e-117,3.492173966950894e-63,1.8308717010839363e-39
5.96666666666664,0.0638451116721148,-0.06354335627356596,0.0003017553985488475,0.00030175539854885116,1.5831861805596106e-253,1.1366451047337417e-94,4.590652318044514e-118,6.645415174508435e-64,4.967485626853309e-40
5.983333333333306,0.0699097058166323,-0.06960963353890814,0.00030007227772416156,0.0003000722777241681,1.8211617848059952e-255,1.4795769818643836e-95,4.7041179985826197e-119,1.2524701812082845e-64,1.3348558039652603e-40
5.9999999999999725,0.045084181785087,-0.04478577858658507,0.0002984031985019328,0.00029840319850193617,2.0593593123569843e-257,1.9075056159771e-96,4.774204745695292e-120,2.3379310507595445e-65,3.5526393099053814e-41
6.016666666666639,0.0137701390619269,-0.013473391056788395,0.0002967480051385054,0.00029674800513850453,2.2891949997811817e-259,2.4356207359774023e-97,4.798913269664631e-121,4.3223012336247556e-66,9.364549887562753e-42
6.033333333333307,0.0795465320831432,-0.07925142553909985,0.00029510654404335535,0.0002951065440433575,2.501500019066831e-261,3.080130228686164e-98,4.7775340364183726e-122,7.914388964680813e-67,2.4447909321809487e-42
6.049999999999972,0.0202148073959287,-0.019921328732185203,0.00029347866374349746,0.00029347866374349627,2.6871090627677292e-263,3.857838773622503e-99,4.710681117668996e-123,1.4352870884225443e-67,6.321433482303899e-43
6.06666666666664,0.0339860788913434,-0.033694214676494895,0.0002918642148485029,0.00029186421484850495,2.837508283640724e-265,4.785580730943743e-100,4.600262888283691e-124,2.5779779201726876e-68,1.6188568473796537e-43
6.0833333333333055,0.0715247245707952,-0.0712344615207789,0.0002902630500162956,0.0002902630500162897,2.945479765856092e-267,5.879505472125169e-101,4.449391522270879e-125,4.5860484289023806e-69,4.1060132695627064e-44
6.099999999999973,0.0878874410810193,-0.08759876605709983,0.00028867502391946576,0.0002886750239194706,3.0056749409685383e-269,7.154223926217311e-102,4.262237277177621e-126,8.08010692017495e-70,1.0314573582515185e-44
6.11666666666664,0.0049786511419806,-0.004691551148768182,0.00028709999321241755,0.0002870999932124174,3.015053609811836e-271,8.621837603385299e-103,4.0438370871888195e-127,1.4099853701698728e-70,2.566263435307878e-45
6.133333333333305,0.0724814782405271,-0.07219594042402819,0.0002855378164989125,0.0002855378164989111,2.973138412273213e-273,1.0290885025319294e-103,3.7998697184556926e-128,2.4368631082367856e-71,6.323684900647081e-46
6.149999999999972,0.0259839699584688,-0.02569998160416838,0.00028398835430042124,0.0002839883543004204,2.8820550931346484e-275,1.2165254315140655e-104,3.536411468746201e-129,4.171254495819275e-72,1.5433279980019505e-46
6.16666666666664,0.0845294369184483,-0.08424698544942333,0.00028245146902497464,0.0002824514690249787,2.7463538357081504e-277,1.424312340500528e-105,3.2596870097806438e-130,7.071658341956722e-73,3.730484811497012e-47
6.183333333333305,0.0493381005544953,-0.04905717352955865,0.0002809270249366502,0.00028092702493664865,2.572632568455938e-279,1.651599947883604e-106,2.9758294748879583e-131,1.1873940828088422e-73,8.930820182219374e-48
6.199999999999973,0.0415729135400581,-0.04129349865193254,0.00027941488812555787,0.00027941488812556047,2.3690056559441612e-281,1.8967935425889694e-107,2.6906623895615966e-132,1.9746381276815615e-74,2.1175634975201815e-48
6.216666666666638,0.0633166587283098,-0.06303874380183129,0.00027791492647850913,0.00027791492647851585,2.1444774957686032e-283,2.157500191920271e-108,2.409513717446016e-133,3.252364292417665e-75,4.972795121278904e-49
6.233333333333306,0.0696329908436901,-0.06935656383403996,0.00027642700965013756,0.00027642700965013924,1.9082881341488587e-285,2.430508824153967e-109,2.1370694002300125e-134,5.305543480446059e-76,1.156601414882171e-49
6.249999999999972,0.0888990859143375,-0.08862413490530292,0.00027495100903457415,0.00027495100903457057,1.6692964423826298e-287,2.711809263041835e-110,1.8772705905019548e-135,8.571949417342095e-77,2.664317023080464e-50
6.266666666666639,0.0323290777517196,-0.032055590953981916,0.0002734867977376848,0.00027348679773768323,1.4354565357900234e-289,2.996654378716514e-111,1.6332555963237137e-136,1.3716659219527269e-77,6.078649577131364e-51
6.283333333333305,0.0595397446913068,-0.05926771044075698,0.00027203425054982133,0.0002720342505498205,1.2134270929157558e-291,3.2796670079886344e-112,1.4073446330659674e-137,2.173882799584684e-78,1.3735590790629046e-51
6.299999999999972,0.0599329990315382,-0.059662405787619166,0.0002705932439190373,0.00027059324391903505,1.0083339483356791e-293,3.554990336360302e-113,1.2010630196973513e-138,3.412266412821424e-79,3.0740194268356666e-52
6.316666666666638,0.0218285985279114,-0.021559434871986576,0.0002691636559248242,0.00026916365592482503,8.236868869093128e-296,3.816477238205756e-114,1.0151966065157137e-139,5.3047969389601426e-80,6.813729674133178e-53
6.3333333333333055,0.0748450273972514,-0.07457728203099906,0.0002677453662523477,0.00026774536625235213,6.614347018559571e-298,4.057910902179137e-115,8.498720509609759e-141,8.167960428833387e-81,1.4958299310860936e-53
6.349999999999971,0.066864741872191,-0.06659840361602387,0.000266338256167134,0.0002663382561671363,5.221302578263287e-300,4.273246212699625e-116,7.046540702212945e-142,1.245596885553901e-81,3.252359665494066e-54
6.36666666666664,0.0362633418042058,-0.03599839959571559,0.0002649422084902084,0.00026494220849021186,4.0517049150192076e-302,4.456859097429115e-117,5.7865193579720745e-143,1.881310286495368e-82,7.003803319035137e-55
6.383333333333304,0.046086488520168,-0.04582293141259426,0.0002635571075737392,0.0002635571075737406,3.0907495601408957e-304,4.6037896322948315e-118,4.706281318940705e-144,2.814248053538446e-83,1.4937858622438317e-55
6.399999999999972,0.0692000091345586,-0.06893782629528153,0.0002621828392770642,0.00026218283927706675,2.3176982092302188e-306,4.7099643019782156e-119,3.7910314283556474e-145,4.169493935534294e-84,3.155453435243078e-56
6.416666666666638,0.0176726844347359,-0.017411865143792688,0.0002608192909432129,0.0002608192909432112,1.7085079954479106e-308,4.772383538905993e-120,3.024516191616569e-146,6.118195446371815e-85,6.601676432429111e-57
6.433333333333305,0.0111335621150674,-0.01087409576369161,0.00025946635137578944,0.00025946635137578873,1.2380671688947e-310,4.789262497215685e-121,2.389865559587126e-147,8.891650305342165e-86,1.3679358173785902e-57
6.449999999999973,0.0942811559979988,-0.09402303208718245,0.0002581239108163519,0.00025812391081634587,8.8193882143e-313,4.7601158425395755e-122,1.8702947524463068e-148,1.2798539993003912e-86,2.8073478978536074e-58
6.466666666666638,0.0304719669525026,-0.030215175091580494,0.0002567918609221072,0.00025679186092210637,6.175893156e-315,4.685780936378791e-123,1.449658371531009e-149,1.8245573271278418e-87,5.7061840798132734e-59
6.483333333333304,0.0584109496607493,-0.05815547956600518,0.00025547009474411603,0.00025547009474411787,4.2513627e-317,4.568377869502632e-124,1.1128594248714364e-150,2.576164697888532e-88,1.1487204374040615e-59
6.499999999999972,0.0931138337073029,-0.09285967520059711,0.00025415850670579276,0.00025415850670579076,2.8769e-319,4.4112090064705734e-125,8.461239270952412e-152,3.6025396033201474e-89,2.2903504833679684e-60
6.516666666666639,0.0425288229752701,-0.04227596598268828,0.000252856992581825,0.00025285699258182254,1.91e-321,4.2186046837838685e-126,6.371573134931526e-153,4.98956782776028e-90,4.522812372991706e-61
6.533333333333305,0.0373407161386901,-0.0370891506892126,0.0002515654494774991,0.0002515654494774979,1e-323,3.995725121663307e-127,4.7520214935907183e-154,6.844411708928181e-91,8.845741121657603e-62
6.5499999999999705,0.0830062860309736,-0.08275600225516525,0.00025028377580835204,0.0002502837758083574,0.0,3.7483311864860946e-128,3.5101780651306712e-155,9.298830860078402e-92,1.7134794753606308e-62
6.566666666666638,0.0080044425753585,-0.00775543070407827,0.0002490118712802289,0.00024901187128022873,0.0,3.482538185446936e-129,2.568023109228401e-156,1.2512370588277724e-92,3.2873247988144636e-63
6.5833333333333055,0.072481635052131,-0.07223388541526138,0.00024774963686961804,0.0002477496368696115,0.0,3.204567297740808e-130,1.8607487458288884e-157,1.667515490684126e-93,6.246336161238254e-64
6.599999999999971,0.0712575511537418,-0.0710110541789374,0.0002464969748044027,0.00024649697480440925,0.0,2.9205085660269556e-131,1.3353514125740492e-158,2.2009956449795958e-94,1.175512138507669e-64
6.616666666666637,0.0880849632020957,-0.0878397094135507,0.0002452537885450079,0.0002452537885450011,0.0,2.6361077074532988e-132,9.491228590058225e-160,2.8773157119694116e-95,2.1910279155794685e-65
6.633333333333304,0.0096154941339536,-0.009371474151187954,0.00024401998276564647,0.00024401998276564658,0.0,2.356586557392931e-133,6.68141309803945e-161,3.7254168889893607e-96,4.0447131922752997e-66
6.649999999999972,0.0618600627923321,-0.06161726732899588,0.0002427954633362206,0.0002427954633362175,0.0,2.086503990777906e-134,4.658362090545312e-162,4.777286296583458e-97,7.395143061984304e-67
6.666666666666638,0.0191035653631283,-0.01886198522582405,0.0002415801373042495,0.00024158013730424927,0.0,1.8296609619683045e-135,3.216749109662101e-163,6.067456708229538e-98,1.3391352938771798e-67
6.683333333333303,0.0294277671312085,-0.029187393218331192,0.00024037391287730706,0.00024037391287730548,0.0,1.589050147029698e-136,2.1999872497743984e-164,7.632224413898319e-99,2.4017143917762505e-68
6.69999999999997,0.0222381233330112,-0.021998946633605552,0.00023917669940564865,0.0002391766994056503,0.0,1.3668478131278608e-137,1.4901917889720689e-165,9.508556793952796e-100,4.2661615039395125e-69
6.716666666666638,0.0448367891864188,-0.04459880077905358,0.00023798840736521942,0.00023798840736522203,0.0,1.1644431764183739e-138,9.99731085408696e-167,1.1732676760901144e-100,7.505372512104426e-70
6.733333333333304,0.0242026502406272,-0.023965841292286297,0.00023680894834090388,0.00023680894834090223,0.0,9.824987734621556e-140,6.642678815534614e-168,1.4338332086563892e-101,1.3077545508698538e-70
6.74999999999997,0.051368596301534,-0.05113295806652393,0.00023563823501007025,0.00023563823501007277,0.0,8.210343212264153e-141,4.3714180367032105e-169,1.7354783149281665e-102,2.2568321267729166e-71
6.766666666666636,0.0412715637409945,-0.04103708755986804,0.0002344761811264584,0.0002344761811264582,0.0,6.795261681680167e-142,2.849183715415604e-170,2.0804571533982861e-103,3.857370003199329e-72
6.783333333333305,0.0217409752256279,-0.021507652524123656,0.00023332270150424467,0.00023332270150424537,0.0,5.570146762932667e-143,1.839236575774543e-171,2.470116225240932e-104,6.529837445878469e-73
6.7999999999999705,0.0138035892628145,-0.013571411550812025,0.00023217771200247615,0.00023217771200247675,0.0,4.5221261059259956e-144,1.1759091349844192e-172,2.9046581575143466e-105,1.0947941524736026e-73
6.816666666666636,0.0468306017488839,-0.04659956061937419,0.00023104112950970979,0.0002310411295097087,0.0,3.636087105893276e-145,7.446101660620431e-174,3.3829197590111466e-106,1.8179485831326662e-74
6.833333333333304,0.078675494974312,-0.07844558210238307,0.00022991287192893062,0.00022991287192893466,0.0,2.8956193270476883e-146,4.669852746229522e-175,3.9021808437137375e-107,2.989852411067768e-75
6.849999999999971,0.0991579632247846,-0.09892917036662183,0.0002287928581627685,0.00022879285816276366,0.0,2.283832418479063e-147,2.900657414832446e-176,4.4580210655028934e-108,4.870089395298036e-76
6.866666666666637,0.0773416168548849,-0.07711393584678605,0.0002276810080988484,0.0002276810080988514,0.0,1.7840317478777096e-148,1.7844678162838628e-177,5.044241465777451e-109,7.856753787433735e-77
6.883333333333304,0.0060393756815165,-0.005812798438920922,0.00022657724259557768,0.00022657724259557755,0.0,1.380246016701875e-149,1.0872765667778398e-178,5.652865434949639e-110,1.2553602755744036e-77
6.899999999999969,0.0460974614579422,-0.04587197997447423,0.00022548148346796665,0.00022548148346796727,0.0,1.0576111113266884e-150,6.561307087491424e-180,6.274230283049688e-111,1.9866101399240644e-78
6.916666666666638,0.0780676938944176,-0.07784330024094376,0.00022439365347384777,0.00022439365347384787,0.0,8.02622048510826e-152,3.921567805772737e-181,6.897175703491206e-112,3.1136940855398575e-79
6.933333333333303,0.0276709877685096,-0.02744767409220936,0.0002233136763002408,0.0002233136763002414,0.0,6.032700231205851e-153,2.3213900602856382e-182,7.509329353612097e-113,4.833461497827611e-80
6.949999999999969,0.0748236358022431,-0.07460139432569313,0.00022224147654997806,0.00022224147654998296,0.0,4.490844150533482e-154,1.3609918996175847e-183,8.097482970666099e-114,7.431211347243474e-81
6.966666666666637,0.0812389911125458,-0.08101781413281724,0.00022117697972856565,0.00022117697972856554,0.0,3.3110047240668376e-155,7.902818139504703e-185,8.648045421153643e-115,1.131566262203658e-81
6.983333333333304,0.0876395980227305,-0.0874194779104993,0.00022012011223120076,0.00022012011223120366,0.0,2.4177266393514255e-156,4.544932771307655e-186,9.14755245159263e-116,1.706551487432809e-82
6.99999999999997,0.0214223828073205,-0.021203312005990387,0.00021907080133011167,0.00021907080133011302,0.0,1.7485182502466818e-157,2.588761057026244e-187,9.583207298611163e-117,2.549046915337158e-83
7.016666666666636,0.0877381744052947,-0.0875201454301327,0.00021802897516200181,0.00021802897516200135,0.0,1.252416331374243e-158,1.460412353724263e-188,9.94342230836492e-118,3.7709892093105644e-84
7.033333333333303,0.0528330469194856,-0.05261605235676983,0.00021699456271576795,0.00021699456271576816,0.0,8.884701742462168e-160,8.159772622673882e-190,1.0218329780374446e-118,5.52524803036545e-85
7.0499999999999705,0.0464327252824427,-0.0462167577886223,0.00021596749382040564,0.00021596749382040697,0.0,6.242413927597428e-161,4.515435508556106e-191,1.0400230688431546e-119,8.018022950480373e-86
7.066666666666636,0.02108752075617,-0.02087257305703689,0.0002149476991331091,0.00021494769913310777,0.0,4.3438803179254274e-162,2.474800861650935e-192,1.0483952827188657e-120,1.1523962581690848e-86
7.083333333333302,0.005518639162491,-0.005304704052363445,0.00021393511012755568,0.00021393511012755584,0.0,2.993771970483759e-163,1.3433831636695638e-193,1.0467095138796221e-121,1.6404213452929486e-87
7.0999999999999694,0.0351106538559915,-0.03489772419690908,0.00021292965908242117,0.00021292965908242237,0.0,2.043502452887675e-164,7.222350675688903e-195,1.0350142113093882e-122,2.3127463905455798e-88
7.116666666666637,0.0626355820324706,-0.06242365075340056,0.0002119312790700434,0.00021193127907004482,0.0,1.3814882241736228e-165,3.8457076806914543e-196,1.0136440654665686e-123,3.229383632290213e-89
7.133333333333304,0.024837384168368,-0.02462644426442271,0.0002109399039452904,0.0002109399039452918,0.0,9.249852126403637e-167,2.02811695461522e-197,9.832040958160037e-125,4.466119050109504e-90
7.149999999999968,0.0991159087899267,-0.09890595332159209,0.000209955468334605,0.0002099554683346102,0.0,6.133918072732521e-168,1.0593238482656957e-198,9.445411949771325e-126,6.117302814645196e-91
7.166666666666636,0.0190123422927233,-0.01880336438509805,0.00020897790762524834,0.00020897790762524956,0.0,4.0286239548999985e-169,5.480037511058227e-200,8.987049971341972e-127,8.298673737829469e-92
7.183333333333303,0.0278245387133419,-0.027616531555387236,0.00020800715795466287,0.0002080071579546642,0.0,2.6205416650250455e-170,2.8077429200225707e-201,8.469005931399281e-128,1.1150040116921156e-92
7.199999999999969,0.041870985321227,-0.04166394216502692,0.00020704315620008462,0.0002070431562000844,0.0,1.688266434274101e-171,1.424787768657302e-202,7.904360611836281e-129,1.4837584219930848e-93
7.216666666666634,0.0672879929434647,-0.06708190710349644,0.00020608583996825636,0.0002060858399682579,0.0,1.0772251429394092e-172,7.160808232617269e-204,7.306679897974482e-130,1.9555503038016633e-94
7.233333333333302,0.0761632863907179,-0.07595815124313254,0.00020513514758535578,0.00020513514758535567,0.0,6.807498519452583e-174,3.5644533602724886e-205,6.689481323274612e-131,2.552664947842247e-95
7.249999999999972,0.092242367829754,-0.09203817681166696,0.0002041910180870382,0.00020419101808704306,0.0,4.260731904476145e-175,1.7572876520567457e-206,6.06574064920775e-132,3.3001802848770708e-96
7.2666666666666355,0.0459857094371513,-0.045782456045942596,0.00020325339120870478,0.0002032533912087068,0.0,2.6411705095231394e-176,8.580484401121403e-208,5.447462597892749e-133,4.225718317380092e-97
7.283333333333301,0.0388054517326814,-0.038603129525305556,0.0002023222073758435,0.00020232220737584025,0.0,1.6215272417541877e-177,4.149538350121408e-209,4.845333835595992e-134,5.35898387566819e-98
7.299999999999968,0.039522778444956,-0.03932138103726141,0.00020139740769458542,0.00020139740769458393,0.0,9.859789375055607e-179,1.987498397292916e-210,4.2684694745073794e-135,6.731058801212714e-99
7.316666666666637,0.0365574183491475,-0.03635693941520508,0.00020047893394241345,0.0002004789339424143,0.0,5.937814208698946e-180,9.428287548296565e-212,3.724257346719249e-136,8.373429082606274e-100
7.333333333333303,0.0088017259184562,-0.008602159189897216,0.00019956672855898396,0.00019956672855898311,0.0,3.5416133837173627e-181,4.4297363591866985e-213,3.2182976950045817e-137,1.0316736451667414e-100
7.349999999999967,0.0868446508932771,-0.08664599015864,0.00019866073463710443,0.0001986607346371006,0.0,2.0921425599320806e-182,2.06130362680561e-214,2.754430210611882e-138,1.2589264379632854e-101
7.366666666666635,0.0308779677196103,-0.03068020682369644,0.00019776089591386214,0.00019776089591386155,0.0,1.2240438523304946e-183,9.500032327773932e-216,2.3348358863426776e-139,1.5215190684023415e-102
7.383333333333303,0.0045625446774343,-0.0043656775206723855,0.0001968671567619141,0.00019686715676191436,0.0,7.092808890643825e-185,4.336378941966925e-217,1.96019814706483e-140,1.8212663889638916e-103
7.399999999999968,0.0878239553112703,-0.08762797584908943,0.00019597946218086193,0.00019597946218086404,0.0,4.070568975385266e-186,1.9604167215301974e-218,1.6299062185702444e-141,2.159178634080628e-104
7.416666666666633,0.0079108793864257,-0.007715781628636887,0.00019509775778881258,0.0001950977577888128,0.0,2.313702717576705e-187,8.777858940500493e-220,1.3422836090440628e-142,2.5352611597912485e-105
7.433333333333301,0.0794011479735613,-0.07920692598374728,0.00019422198981403072,0.00019422198981403324,0.0,1.3024935272140191e-188,3.892672119973047e-221,1.094825703770464e-143,2.9483284279130034e-106
7.44999999999997,0.0107787287709444,-0.010585376665857628,0.00019335210508677168,0.00019335210508677176,0.0,7.262048906682992e-190,1.7097242814076885e-222,8.84432536263168e-145,3.3958464510257254e-107
7.466666666666634,0.0963439453319083,-0.09615145728087712,0.00019248805103118383,0.0001924880510311807,0.0,4.010129001084186e-191,7.437438068055926e-224,7.076254835219075e-146,3.8738183959155005e-108
7.4833333333333,0.0059823785687126,-0.005790748793055225,0.00019162977565737472,0.00019162977565737467,0.0,2.1931740387969032e-192,3.2043479821375865e-225,5.607396241772017e-147,4.376727397036365e-109
7.499999999999968,0.0056958633095433,-0.005505086081989687,0.00019077722755361272,0.00019077722755361245,0.0,1.1879644041551006e-193,1.367335254330722e-226,4.4008650931970916e-148,4.89754872915895e-110
7.5166666666666355,0.0310615790599351,-0.030871648704056502,0.00018993035587859877,0.00018993035587860018,0.0,6.373079524431273e-195,5.778689741478371e-228,3.420848909535374e-149,5.427840308096418e-111
7.533333333333301,0.0829227048708064,-0.08273361576045249,0.00018908911035390996,0.00018908911035391224,0.0,3.3861861282398724e-196,2.4188156613776542e-229,2.6335935990624347e-150,5.957916135611649e-112
7.549999999999968,0.0605774439841117,-0.060389190542855166,0.00018825344125653065,0.0001882534412565306,0.0,1.7819187324527494e-197,1.0027558259912712e-230,2.0080875839946017e-151,6.477102017672202e-113
7.566666666666634,0.0572668915953104,-0.0570794682958989,0.0001874232994115016,0.00018742329941149924,0.0,9.287108921574051e-199,4.117244364011671e-232,1.5164761054284547e-152,6.974067027316516e-114
7.583333333333303,0.0962633256264437,-0.09607672699025901,0.00018659863618468442,0.0001865986361846912,0.0,4.793897714019442e-200,1.6743148201051755e-233,1.1342466892584707e-153,7.437218217718601e-115
7.599999999999967,0.0811151534641831,-0.08092937406070741,0.00018577940347569433,0.00018577940347568758,0.0,2.450826492568699e-201,6.743519643001618e-235,8.402306055116562e-155,7.855140541374202e-116
7.616666666666633,0.0456929075095655,-0.04550794195585473,0.00018496555371076695,0.00018496555371076394,0.0,1.240943326079656e-202,2.6900178400119496e-236,6.164651087063077e-156,8.217059330548856e-117
7.633333333333299,0.0910675564697078,-0.09088339942987181,0.00018415703983598597,0.00018415703983598638,0.0,6.223101833515693e-204,1.0627784054042187e-237,4.479582435701769e-157,8.513299528238587e-118
7.649999999999968,0.0198030213332983,-0.01961966751798789,0.00018335381531041015,0.00018335381531041052,0.0,3.0908465642765365e-205,4.158620694492097e-239,3.2239299221909738e-158,8.735714508779603e-119
7.666666666666633,0.0657971970391138,-0.06561464120501441,0.0001825558340993877,0.00018255583409938674,0.0,1.5204199641948423e-206,1.611665566585037e-240,2.298014056594455e-159,8.87805802282297e-120
7.683333333333299,0.0803818663017112,-0.08020010325104324,0.0001817630506679574,0.00018176305066796374,0.0,7.407390826107346e-208,6.186137543607436e-242,1.622328495714978e-160,8.936275584893674e-121
7.699999999999966,0.0909050662422189,-0.0907240908222445,0.00018097541997440236,0.00018097541997439564,0.0,3.5742303127295485e-209,2.351707176550227e-243,1.1343418105370906e-161,8.908696336598437e-122
7.716666666666634,0.0489708972375121,-0.048790704340048355,0.00018019289746374484,0.00018019289746374503,0.0,1.708108235706264e-210,8.854538790021736e-245,7.855396507241686e-163,8.796112715098973e-123
7.7333333333333,0.0229353199632143,-0.022755904524152715,0.00017941543906158444,0.00017941543906158344,0.0,8.084698307210049e-212,3.301928562597597e-246,5.38779807062786e-164,8.601742625644652e-124
7.749999999999966,0.0463622414478915,-0.04618359844672371,0.00017864300116778725,0.00017864300116778617,0.0,3.789900675772869e-213,1.2195186015714558e-247,3.659936390197789e-165,8.331076638106999e-125
7.766666666666634,0.0072804437318259,-0.007102568191175479,0.00017787554065042122,0.0001778755406504213,0.0,1.759573517484314e-214,4.4609588072820973e-249,2.4623783963718658e-166,7.991620333518015e-126
7.783333333333301,0.0084955992586382,-0.008318486243798471,0.00017711301483972972,0.0001771130148397295,0.0,8.091007137134507e-216,1.6161699394323964e-250,1.640797837157793e-167,7.592548672575198e-127
7.799999999999968,0.0564456843241388,-0.05626932894261661,0.00017635538152219188,0.00017635538152219426,0.0,3.6847949899059086e-217,5.799156969493471e-252,1.0828651709618613e-168,7.144294588262478e-128
7.816666666666632,0.0412069784911334,-0.0410313758921987,0.0001756025989347043,0.00017560259893470098,0.0,1.6620330460257225e-218,2.0609228368116413e-253,7.078035291432007e-170,6.658097507850878e-129
7.833333333333299,0.0305121763517826,-0.030337321726023818,0.00017485462575878366,0.000174854625758782,0.0,7.424745256743664e-220,7.2540012629562185e-255,4.582158312578397e-171,6.145538957633532e-130
7.849999999999967,0.0778464398803931,-0.07767232845927814,0.00017411142111495304,0.00017411142111494943,0.0,3.285027724379821e-221,2.5287887451440002e-256,2.937964094664173e-172,5.618091768604307e-131
7.866666666666633,0.0015680766565689,-0.0013947037120117904,0.0001733729445571096,0.00017337294455710956,0.0,1.439501425807238e-222,8.731050513373554e-258,1.8657004047561833e-173,5.086706848242111e-132
7.883333333333299,0.053326335819032,-0.05315369666296493,0.00017263915606706426,0.00017263915606706166,0.0,6.247420497396041e-224,2.985654017711517e-259,1.1734277525703312e-174,4.561457344818057e-133
7.899999999999967,0.0848227345317165,-0.08465082451566742,0.00017191001604907608,0.00017191001604907721,0.0,2.6853750868286587e-225,1.0111870199111188e-260,7.309536396996933e-176,4.051254760466157e-134
7.916666666666633,0.0032446273762019,-0.00307344189087734,0.00017118548532455997,0.0001711854853245599,0.0,1.1432066746406756e-226,3.391895944010378e-262,4.509644821747685e-177,3.563645690633918e-135
7.933333333333299,0.0621162929432742,-0.061945827418147414,0.00017046552512678392,0.00017046552512678327,0.0,4.820145255569289e-228,1.1268667975078287e-263,2.7555853776197895e-178,3.1046919136948665e-136
7.949999999999965,0.0844204050682049,-0.0842506549711092,0.00016975009709570277,0.00016975009709570618,0.0,2.012848457061321e-229,3.707845870889276e-265,1.6676481751238153e-179,2.6789310156695317e-137
7.966666666666634,0.0751668934949969,-0.07499785433172404,0.00016903916327286328,0.00016903916327286423,0.0,8.324872882427837e-231,1.2083417767246466e-266,9.995718602106398e-181,2.2894100136386643e-138
7.9833333333333,0.0273387565376805,-0.027170423851584163,0.0001683326860963362,0.00016833268609633625,0.0,3.410041944578036e-232,3.9001107225106277e-268,5.933932996693021e-182,1.9377808225979054e-139
7.999999999999966,0.0164269737816258,-0.016259343153230018,0.0001676306283957818,0.0001676306283957829,0.0,1.3834307027305078e-233,1.2467607175811962e-269,3.4889141467332123e-183,1.6244440469581346e-140
8.016666666666632,0.0556378006292679,-0.055470867675880345,0.00016693295338755798,0.00016693295338755923,0.0,5.558667249263046e-235,3.947374322276147e-271,2.031687717486621e-184,1.348726492013768e-141
8.0333333333333,0.0134868974356985,-0.013320657811028602,0.00016623962466989772,0.00016623962466989702,0.0,2.2120733481959864e-236,1.237805878791354e-272,1.1717707566526906e-185,1.1090778890423485e-142
8.049999999999969,0.0069111592467258,-0.006745608640507643,0.0001655506062181577,0.00016555060621815766,0.0,8.718543682771359e-238,3.844286956713692e-274,6.693409309060046e-187,9.03273426788303e-144
8.066666666666633,0.0454983877934973,-0.04533352193111714,0.00016486586238015355,0.00016486586238015377,0.0,3.403329130293733e-239,1.182491650980166e-275,3.7867892824434325e-188,7.286105388247535e-145
8.083333333333298,0.0125344993149182,-0.012370313957046663,0.00016418535787153694,0.00016418535787153735,0.0,1.3157686447203982e-240,3.60246189587491e-277,2.121846306225075e-189,5.820907409941172e-146
8.099999999999964,0.0648178318179111,-0.06465432276013985,0.00016350905777125224,0.00016350905777125596,0.0,5.038145354853986e-242,1.0869754527936909e-278,1.1775401788192193e-190,4.605798792948534e-147
8.116666666666633,0.0399931479833639,-0.03983031105584683,0.00016283692751706963,0.000162836927517073,0.0,1.9106336930254178e-243,3.24832223555446e-280,6.472269222418117e-192,3.609426976207102e-148
8.133333333333299,0.0656125040396407,-0.06545033510673955,0.00016216893290114942,0.00016216893290115351,0.0,7.176286181849442e-245,9.614296275949046e-282,3.5233553083764963e-193,2.8014997361788797e-149
8.149999999999965,0.0927848957248886,-0.09262339068482289,0.00016150504006570698,0.00016150504006571146,0.0,2.6695474559431586e-246,2.8183499998316906e-283,1.899657630203832e-194,2.1535846140211333e-150
8.166666666666632,0.0714903009185399,-0.07132945570304118,0.00016084521549872277,0.00016084521549872093,0.0,9.835379463054763e-248,8.182601053060031e-285,1.0144093868318494e-195,1.639654410368523e-151
8.1833333333333,0.0999902449823203,-0.09983005555629061,0.00016018942602968878,0.00016018942602968775,0.0,3.5888902163627747e-249,2.352918352917097e-286,5.3650059761169e-197,1.2364077855166787e-152
8.199999999999966,0.0782749366303878,-0.07811539899156232,0.0001595376388254799,0.0001595376388254813,0.0,1.2970144224860105e-250,6.70102695557897e-288,2.8102579732910493e-198,9.234006342367539e-154
8.216666666666631,0.020378032608375,-0.020219142786988775,0.00015888982138622526,0.00015888982138622572,0.0,4.642426277223985e-252,1.8901440366544499e-289,1.4579451822653333e-199,6.830266258646678e-155
8.233333333333297,0.0118126649012811,-0.011654418959739852,0.00015824594154124905,0.00015824594154124913,0.0,1.6457384080322166e-253,5.280407798455641e-291,7.49126619175308e-201,5.003848207590127e-156
8.249999999999966,0.0704630998258169,-0.07030549385837181,0.00015760596744508748,0.00015760596744509054,0.0,5.778194710043193e-255,1.4610297354624812e-292,3.812310730600284e-202,3.630694002138304e-157
8.266666666666632,0.091578824793149,-0.09142185492557543,0.00015696986757356146,0.00015696986757356322,0.0,2.009273787136636e-256,4.003775096945126e-294,1.9214999675846098e-203,2.609120857084635e-158
8.283333333333298,0.0419341665875738,-0.04177782897685393,0.00015633761071986996,0.00015633761071987264,0.0,6.919929075195914e-258,1.0866741117792015e-295,9.592051443295284e-205,1.857025097046062e-159
8.299999999999965,0.0097908904115245,-0.00963518124553371,0.00015570916599079096,0.00015570916599079012,0.0,2.3603681542331964e-259,2.9211105653527087e-297,4.742437814681266e-206,1.3090624864709908e-160
8.316666666666633,0.0003137504328578,-0.00015866593005492018,0.00015508450280287984,0.00015508450280287984,0.0,7.973948537426578e-261,7.777064450142252e-299,2.322259875309632e-207,9.139491006558752e-162
8.333333333333298,0.0707667987392993,-0.07061233514842051,0.00015446359087878392,0.00015446359087877828,0.0,2.6679807329192945e-262,2.0507014024484554e-300,1.1262609325576955e-208,6.319790328368518e-163
8.349999999999964,0.0456701092227214,-0.04551626282247787,0.00015384640024352497,0.00015384640024352622,0.0,8.841124942025384e-264,5.355600662800118e-302,5.409862772131257e-210,4.328150540675358e-164
8.36666666666663,0.0104547283394192,-0.010301495438198248,0.0001532329012209517,0.00015323290122095165,0.0,2.901669505856996e-265,1.3852653546087695e-303,2.573667899759927e-211,2.935763547503694e-165
8.383333333333299,0.0011284051960105,-0.0009757821315803971,0.00015262306443010291,0.00015262306443010297,0.0,9.432003253864286e-267,3.5487612848325934e-305,1.212656476684363e-212,1.9722357066870292e-166
8.399999999999965,0.0866336965739858,-0.08648167971320407,0.0001520168607817285,0.00015201686078173253,0.0,3.0365156006168744e-268,9.00408587345027e-307,5.659031394853644e-214,1.3122470005520547e-167
8.41666666666663,0.076464600305762,-0.07631318604428718,0.0001514142614748304,0.00015141426147482736,0.0,9.681946313064776e-270,2.2626714542276915e-308,2.6155645576205727e-215,8.647516275234075e-169
8.433333333333298,0.047443588939101,-0.047292773701107814,0.00015081523799318625,0.00015081523799318966,0.0,3.057492512073123e-271,5.6314780442246e-310,1.1973133148010293e-216,5.643989734839736e-170
8.449999999999966,0.0831461690088301,-0.08299594924672803,0.000150219762102069,0.00015021976210206347,0.0,9.562770049443283e-273,1.3881689321843e-311,5.428367082819631e-218,3.648380032470751e-171
8.466666666666631,0.0708634713443048,-0.07071384353846,0.00014962780584480695,0.0001496278058448082,0.0,2.9622219914924837e-274,3.3890757312e-313,2.4375281075155424e-219,2.3357854724342352e-172
8.483333333333297,0.078013071625356,-0.07786403228381639,0.00014903934153961962,0.00014903934153961786,0.0,9.087973867169411e-276,8.1948169e-315,1.0840494268735645e-220,1.4811016427737713e-173
8.499999999999964,0.0965857708746237,-0.09643731653284741,0.00014845434177628014,0.00014845434177628516,0.0,2.7614177737775003e-277,1.96252983e-316,4.774936097672583e-222,9.301560220346747e-175
8.516666666666632,0.0825714202399825,-0.08242354746056949,0.00014787277941301358,0.00014787277941301073,0.0,8.310224200854147e-279,4.65492e-318,2.083075789544743e-223,5.7855648837197196e-176
8.533333333333298,0.087463728450265,-0.08731643382269175,0.00014729462757324951,0.0001472946275732552,0.0,2.476902686597034e-280,1.0935e-319,9.000395767201763e-225,3.564140063724863e-177
8.549999999999963,0.0908911860965065,-0.09074446623686386,0.00014671985964263834,0.00014671985964263406,0.0,7.311739771906745e-282,2.544e-321,3.8515644538747955e-226,2.1746170292108072e-178
8.566666666666633,0.0231876313888853,-0.023041482939619443,0.00014614844926585588,0.00014614844926585577,0.0,2.1377065449238263e-283,6e-323,1.6324194511513777e-227,1.3141042941721453e-179
